date,value1,value2,value3,value4,value5,value6
2009-10-05,,,,0.0,0.0,0.0
2009-10-12,,,0.001163755,0.0,0.0,0.0
2009-10-19,,,0.001268035,0.0,0.0,0.0
2009-10-26,,,0.001242665,0.0,0.0,0.0
2009-11-02,,,0.00125831,0.0,0.0,0.0
2009-11-09,,,0.0012481200000000001,0.0,0.0,0.0
2009-11-16,,,0.00112417,0.0,0.0,0.0
2009-11-23,,,0.00091482,0.0,0.0,0.0
2009-11-30,,,0.00077834,0.0,0.0,0.0
2009-12-07,,0.001133155,0.00066805,0.0,0.0,0.0
2009-12-14,,0.0010454605000000002,0.000620985,0.0,0.0,0.0
2009-12-21,,0.00101342995,0.00063025,0.0,0.0,0.0
2009-12-28,,0.00101342995,0.00067581,0.0,0.0,0.0
2010-01-04,,0.00101342995,0.00071822,0.0,0.0,0.0
2010-01-11,0.0008407825564499998,,0.0017591199999999999,1.0,0.0,1.0
2010-01-18,0.0019987243008049993,,0.0030989850000000003,0.0,0.0,0.0
2010-01-25,0.0023257908707245,,0.0032761500000000002,0.0,0.0,0.0
2010-02-01,0.0025294867836520496,,0.0035159249999999996,0.0,0.0,0.0
2010-02-08,0.0029408306052868456,,0.003924145,0.0,0.0,0.0
2010-02-15,0.003337039044758161,,0.004404440000000001,0.0,0.0,0.0
2010-02-22,0.0038504621402823446,,0.005002055,0.0,0.0,0.0
2010-03-01,0.00434589642625411,,0.005434605,0.0,0.0,0.0
2010-04-19,,0.004721515716371301,0.003,0.0,1.0,1.0
2010-04-26,,0.004549364144734171,0.003,0.0,0.0,0.0
2010-05-03,,0.004549364144734171,0.0032500000000000003,0.0,0.0,0.0
2010-05-10,,0.004549364144734171,0.00395,0.0,0.0,0.0
2010-05-17,,0.004549364144734171,0.0046,0.0,0.0,0.0
2010-05-24,,0.004549364144734171,0.00465,0.0,0.0,0.0
2010-06-07,0.00293270696617592,,0.0048000000000000004,1.0,0.0,1.0
2010-06-14,0.0033644362695583276,,0.005,0.0,0.0,0.0
2010-06-21,0.0033644362695583276,,0.0047,0.0,0.0,0.0
2010-06-28,0.0033644362695583276,,0.0059,0.0,0.0,0.0
2010-07-05,0.003996674040508021,,0.00625,0.0,0.0,0.0
2010-07-12,0.02294200663645722,,0.04892,0.0,0.0,0.0
2010-07-19,0.03352880597281149,,0.0707,0.0,0.0,0.0
2010-07-26,0.03352880597281149,,0.05555,0.0,0.0,0.0
2010-08-02,0.03352880597281149,,0.061700000000000005,0.0,0.0,0.0
2010-08-09,0.03352880597281149,,0.0631,0.0,0.0,0.0
2010-08-16,0.03352880597281149,,0.064595,0.0,0.0,0.0
2010-08-23,0.03352880597281149,,0.065,0.0,0.0,0.0
2010-08-30,0.03352880597281149,,0.0631,0.0,0.0,0.0
2010-09-06,0.03352880597281149,,0.0621,0.0,0.0,0.0
2010-09-13,0.04341994216494749,,0.06235,0.0,0.0,0.0
2010-09-20,0.04341994216494749,,0.06205,0.0,0.0,0.0
2010-09-27,0.04341994216494749,,0.061579999999999996,0.0,0.0,0.0
2010-10-04,0.04341994216494749,,0.078845,0.0,0.0,0.0
2010-10-11,0.04341994216494749,,0.0965,0.0,0.0,0.0
2010-10-18,0.04341994216494749,,0.10900499999999999,0.0,0.0,0.0
2010-10-25,0.04341994216494749,,0.141295,0.0,0.0,0.0
2010-11-01,0.07634589407217368,,0.26625,0.0,0.0,0.0
2010-11-08,0.07634589407217368,,0.31247,0.0,0.0,0.0
2010-11-15,0.07634589407217368,,0.277895,0.0,0.0,0.0
2010-11-22,0.07634589407217368,,0.273395,0.0,0.0,0.0
2010-11-29,0.07634589407217368,,0.23450000000000001,0.0,0.0,0.0
2010-12-06,0.07634589407217368,,0.2225,0.0,0.0,0.0
2010-12-13,0.07634589407217368,,0.22505,0.0,0.0,0.0
2010-12-20,0.07634589407217368,,0.25255,0.0,0.0,0.0
2010-12-27,0.07634589407217368,,0.275485,0.0,0.0,0.0
2011-01-03,0.09728204322408371,,0.3065,0.0,0.0,0.0
2011-01-10,0.15615383890167542,,0.35485,0.0,0.0,0.0
2011-01-17,0.15615383890167542,,0.41459500000000005,0.0,0.0,0.0
2011-01-24,0.17883610951035706,,0.46115,0.0,0.0,0.0
2011-01-31,0.33950249855932135,,0.688655,0.0,0.0,0.0
2011-02-07,0.5265522487033893,,0.97484,0.0,0.0,0.0
2011-02-14,0.5265522487033893,,0.9450000000000001,0.0,0.0,0.0
2011-02-21,0.5265522487033893,,0.86065,0.0,0.0,0.0
2011-02-28,0.5265522487033893,,0.894995,0.0,0.0,0.0
2011-03-07,0.5265522487033893,,0.8812450000000001,0.0,0.0,0.0
2011-03-14,0.5265522487033893,,0.816785,0.0,0.0,0.0
2011-03-21,0.5265522487033893,,0.791725,0.0,0.0,0.0
2011-03-28,0.5265522487033893,,0.7995,0.0,0.0,0.0
2011-04-04,0.5265522487033893,,0.75695,0.0,0.0,0.0
2011-04-11,0.5265522487033893,,0.92491,0.0,0.0,0.0
2011-04-18,0.7771999841856481,,1.38499,0.0,0.0,0.0
2011-04-25,1.3692089857670835,,2.332055,0.0,0.0,0.0
2011-05-02,1.890915587190375,,3.4823500000000003,0.0,0.0,0.0
2011-05-09,3.299524028471338,,5.428305,0.0,0.0,0.0
2011-05-16,3.465606625624204,,6.84,0.0,0.0,0.0
2011-05-23,4.002297963061783,,7.5600000000000005,0.0,0.0,0.0
2011-05-30,6.672672666755605,,12.57415,0.0,0.0,0.0
2011-06-06,8.393285400080046,,17.623199999999997,0.0,0.0,0.0
2011-06-13,8.393285400080046,,18.028950000000002,0.0,0.0,0.0
2011-06-27,8.393285400080046,,15.94525,0.0,0.0,0.0
2011-07-04,8.393285400080046,,15.17035,0.0,0.0,0.0
2011-07-11,8.393285400080046,,14.030000000000001,0.0,0.0,0.0
2011-07-18,8.393285400080046,,13.570005,0.0,0.0,0.0
2011-07-25,8.393285400080046,,13.665005,0.0,0.0,0.0
2011-08-01,,23.071728829481458,10.625150000000001,0.0,1.0,1.0
2011-08-08,,23.071728829481458,9.347850000000001,0.0,0.0,0.0
2011-08-15,,23.071728829481458,11.051675,0.0,0.0,0.0
2011-08-22,,22.074284866691983,10.19068,0.0,0.0,0.0
2011-08-29,,20.238722380022782,8.624095,0.0,0.0,0.0
2011-09-05,,17.899864642020507,6.996155,0.0,0.0,0.0
2011-09-12,,16.696435177818454,5.57,0.0,0.0,0.0
2011-09-19,,16.482837660036612,5.26605,0.0,0.0,0.0
2011-09-26,,14.816803894032951,5.1785,0.0,0.0,0.0
2011-10-03,,13.612173504629656,4.564945,0.0,0.0,0.0
2011-10-10,,12.52114615416669,3.828505,0.0,0.0,0.0
2011-10-17,,11.136551538750021,3.363555,0.0,0.0,0.0
2011-10-24,,10.97165538487502,3.1985,0.0,0.0,0.0
2011-10-31,,10.304110346387517,3.117295,0.0,0.0,0.0
2011-11-07,,9.611721311748765,2.977995,0.0,0.0,0.0
2011-11-14,,8.74172268057389,2.597865,0.0,0.0,0.0
2011-11-21,,8.1041719125165,2.339955,0.0,0.0,0.0
2011-11-28,,8.1041719125165,2.654,0.0,0.0,0.0
2011-12-05,,8.097869249138366,3.03958,0.0,0.0,0.0
2011-12-12,,7.746649324224529,3.221505,0.0,0.0,0.0
2011-12-19,,7.746649324224529,3.7089999999999996,0.0,0.0,0.0
2011-12-26,,7.746649324224529,4.74633,0.0,0.0,0.0
2012-01-02,,7.746649324224529,6.1885200000000005,0.0,0.0,0.0
2012-01-09,,7.746649324224529,7.042695,0.0,0.0,0.0
2012-01-16,,7.746649324224529,6.655735,0.0,0.0,0.0
2012-01-23,,7.746649324224529,5.84525,0.0,0.0,0.0
2012-01-30,,7.746649324224529,5.534405,0.0,0.0,0.0
2012-02-06,,7.746649324224529,5.5868400000000005,0.0,0.0,0.0
2012-02-13,,7.746649324224529,4.950685,0.0,0.0,0.0
2012-02-20,,7.746649324224529,4.64151,0.0,0.0,0.0
2012-02-27,,7.746649324224529,4.871005,0.0,0.0,0.0
2012-03-05,,7.746649324224529,4.865015,0.0,0.0,0.0
2012-03-12,,7.746649324224529,5.09417,0.0,0.0,0.0
2012-03-19,,7.746649324224529,4.902655,0.0,0.0,0.0
2012-03-26,,7.746649324224529,4.688505,0.0,0.0,0.0
2012-04-02,,7.746649324224529,4.787295,0.0,0.0,0.0
2012-04-09,,7.746649324224529,4.87941,0.0,0.0,0.0
2012-04-16,,7.746649324224529,5.08626,0.0,0.0,0.0
2012-04-23,,7.658886625627235,5.054235,0.0,0.0,0.0
2012-04-30,,7.4852554630645125,4.9818549999999995,0.0,0.0,0.0
2012-05-07,,7.27261641675806,4.98998,0.0,0.0,0.0
2012-05-14,,7.178654775082255,5.020455,0.0,0.0,0.0
2012-05-21,,7.0801912975740295,5.119479999999999,0.0,0.0,0.0
2012-05-28,,7.001842667816627,5.16755,0.0,0.0,0.0
2012-06-04,,7.001842667816627,5.3441399999999994,0.0,0.0,0.0
2012-06-11,,7.001842667816627,5.816055,0.0,0.0,0.0
2012-06-18,,7.001842667816627,6.27501,0.0,0.0,0.0
2012-06-25,,7.001842667816627,6.4895,0.0,0.0,0.0
2012-07-02,,7.001842667816627,6.699540000000001,0.0,0.0,0.0
2012-07-09,5.2625725312428635,,7.2062550000000005,1.0,0.0,1.0
2012-07-16,5.944358778118578,,8.016185,0.0,0.0,0.0
2012-07-23,5.944358778118578,,8.571185,0.0,0.0,0.0
2012-07-30,6.749723110276047,,9.790125,0.0,0.0,0.0
2012-08-06,7.983062799248444,,11.246929999999999,0.0,0.0,0.0
2012-08-13,7.983062799248444,,9.81195,0.0,0.0,0.0
2012-08-20,7.983062799248444,,9.304995,0.0,0.0,0.0
2012-08-27,7.983062799248444,,10.39705,0.0,0.0,0.0
2012-09-03,7.983062799248444,,10.615,0.0,0.0,0.0
2012-09-10,7.983062799248444,,11.445,0.0,0.0,0.0
2012-09-17,7.983062799248444,,12.031655,0.0,0.0,0.0
2012-09-24,7.983062799248444,,12.275500000000001,0.0,0.0,0.0
2012-10-01,7.983062799248444,,12.075005,0.0,0.0,0.0
2012-10-08,7.983062799248444,,11.818954999999999,0.0,0.0,0.0
2012-10-15,7.983062799248444,,11.603639999999999,0.0,0.0,0.0
2012-10-22,7.983062799248444,,11.16553,0.0,0.0,0.0
2012-10-29,7.983062799248444,,10.750045,0.0,0.0,0.0
2012-11-05,7.983062799248444,,10.834405,0.0,0.0,0.0
2012-11-12,7.983062799248444,,11.245764999999999,0.0,0.0,0.0
2012-11-19,8.033817115502284,,12.07339,0.0,0.0,0.0
2012-11-26,8.402154903952056,,12.491075,0.0,0.0,0.0
2012-12-03,9.15593841355685,,12.89601,0.0,0.0,0.0
2012-12-10,9.716082572201167,,13.34401,0.0,0.0,0.0
2012-12-17,9.716082572201167,,13.30601,0.0,0.0,0.0
2012-12-24,9.958926233482945,,13.410905,0.0,0.0,0.0
2012-12-31,10.13971761013465,,13.422535,0.0,0.0,0.0
2013-01-07,10.693940349121185,,13.814975,0.0,0.0,0.0
2013-01-14,11.525674814209065,,14.945,0.0,0.0,0.0
2013-01-21,13.030458332788161,,16.759104999999998,0.0,0.0,0.0
2013-01-28,14.654158499509345,,19.204105,0.0,0.0,0.0
2013-02-04,16.263758649558408,,22.284869999999998,0.0,0.0,0.0
2013-02-11,17.749303784602567,,25.392175,0.0,0.0,0.0
2013-02-18,21.13146240614231,,28.39499,0.0,0.0,0.0
2013-02-25,23.690110165528083,,32.194995,0.0,0.0,0.0
2013-03-04,28.778399148975275,,40.249995,0.0,0.0,0.0
2013-03-11,28.778399148975275,,46.7,0.0,0.0,0.0
2013-03-18,39.42385031066998,,59.45,0.0,0.0,0.0
2013-03-25,55.32664077960297,,82.26501,0.0,0.0,0.0
2013-04-01,82.21486020164267,,127.77551,0.0,0.0,0.0
2013-04-08,82.21486020164267,,126.91949,0.0,0.0,0.0
2013-04-15,82.21486020164267,,104.6,0.0,0.0,0.0
2013-04-22,82.21486020164267,,126.47222,0.0,0.0,0.0
2013-04-29,82.21486020164267,,125.19,0.0,0.0,0.0
2013-05-06,82.21486020164267,,115.37861000000001,0.0,0.0,0.0
2013-05-13,82.21486020164267,,118.66,0.0,0.0,0.0
2013-05-20,82.21486020164267,,128.0,0.0,0.0,0.0
2013-05-27,82.21486020164267,,128.0,0.0,0.0,0.0
2013-06-03,82.21486020164267,,111.468525,0.0,0.0,0.0
2013-06-10,82.21486020164267,,100.45,0.0,0.0,0.0
2013-06-17,82.21486020164267,,104.05000000000001,0.0,0.0,0.0
2013-06-24,82.21486020164267,,102.55501000000001,0.0,0.0,0.0
2013-07-01,,175.13590575071598,87.00444,0.0,1.0,1.0
2013-07-08,,175.13590575071598,85.45993,0.0,0.0,0.0
2013-07-15,,175.13590575071598,93.168995,0.0,0.0,0.0
2013-07-22,,175.13590575071598,95.38001,0.0,0.0,0.0
2013-07-29,,175.13590575071598,101.950045,0.0,0.0,0.0
2013-08-05,,175.13590575071598,105.06,0.0,0.0,0.0
2013-08-12,,175.13590575071598,109.19,0.0,0.0,0.0
2013-08-19,,175.13590575071598,117.75300999999999,0.0,0.0,0.0
2013-08-26,,175.13590575071598,134.060515,0.0,0.0,0.0
2013-09-02,,175.13590575071598,136.16253,0.0,0.0,0.0
2013-09-09,,175.13590575071598,132.30761,0.0,0.0,0.0
2013-09-16,,175.13590575071598,136.200005,0.0,0.0,0.0
2013-09-23,,175.13590575071598,139.39201,0.0,0.0,0.0
2013-09-30,,175.13590575071598,140.84701,0.0,0.0,0.0
2013-10-07,,175.13590575071598,142.27001,0.0,0.0,0.0
2013-10-14,96.21204730197333,,166.825,1.0,0.0,1.0
2013-10-21,120.496131071776,,196.56005,0.0,0.0,0.0
2013-10-28,130.2593134645984,,215.75500499999998,0.0,0.0,0.0
2013-11-04,181.51283211813853,,280.51550499999996,0.0,0.0,0.0
2013-11-11,250.19494890632473,,434.67505500000004,0.0,0.0,0.0
2013-11-18,381.8193000156922,,661.5,0.0,0.0,0.0
2013-11-25,589.7826950141231,,899.71279,0.0,0.0,0.0
2013-12-02,589.7826950141231,,904.500005,0.0,0.0,0.0
2013-12-09,589.7826950141231,,865.49,0.0,0.0,0.0
2013-12-16,589.7826950141231,,772.5,0.0,0.0,0.0
2013-12-23,589.7826950141231,,678.65,0.0,0.0,0.0
2013-12-30,589.7826950141231,,818.19,0.0,0.0,0.0
2014-01-06,589.7826950141231,,868.475,0.0,0.0,0.0
2014-01-13,589.7826950141231,,831.5699999999999,0.0,0.0,0.0
2014-01-20,589.7826950141231,,824.25,0.0,0.0,0.0
2014-01-27,589.7826950141231,,813.35,0.0,0.0,0.0
2014-02-03,589.7826950141231,,753.025,0.0,0.0,0.0
2014-02-10,589.7826950141231,,659.25,0.0,0.0,0.0
2014-02-17,589.7826950141231,,616.0,0.0,0.0,0.0
2014-02-24,,1078.423069776473,586.185905,0.0,1.0,1.0
2014-03-03,,1078.423069776473,602.25,0.0,0.0,0.0
2014-03-10,,1078.423069776473,635.76,0.0,0.0,0.0
2014-03-17,,1078.423069776473,595.0,0.0,0.0,0.0
2014-03-24,,1006.6125010803441,509.44415000000004,0.0,0.0,0.0
2014-03-31,,936.9107509723096,459.69,0.0,0.0,0.0
2014-04-07,,861.8076758750788,438.25,0.0,0.0,0.0
2014-04-14,,861.8076758750788,459.27505,0.0,0.0,0.0
2014-04-21,,861.8076758750788,465.67255,0.0,0.0,0.0
2014-04-28,,849.6910157129323,432.51565,0.0,0.0,0.0
2014-05-05,,817.3339141416391,438.27899950000005,0.0,0.0,0.0
2014-05-12,,788.7880227274752,442.42499999999995,0.0,0.0,0.0
2014-05-19,,788.7880227274752,510.795,0.0,0.0,0.0
2014-05-26,,788.7880227274752,600.4849999999999,0.0,0.0,0.0
2014-06-02,,788.7880227274752,645.335,0.0,0.0,0.0
2014-06-09,,788.7880227274752,626.2950000000001,0.0,0.0,0.0
2014-06-16,,788.7880227274752,598.505,0.0,0.0,0.0
2014-06-23,,788.7880227274752,602.6700000000001,0.0,0.0,0.0
2014-06-30,,788.7880227274752,619.44,0.0,0.0,0.0
2014-07-07,,788.7880227274752,633.625,0.0,0.0,0.0
2014-07-14,,788.7880227274752,626.8,0.0,0.0,0.0
2014-07-21,,788.7880227274752,607.775,0.0,0.0,0.0
2014-07-28,,788.7880227274752,588.605,0.0,0.0,0.0
2014-08-04,,788.7880227274752,587.8050000000001,0.0,0.0,0.0
2014-08-11,,756.0961452932161,542.685,0.0,0.0,0.0
2014-08-18,,729.1335307638944,504.195,0.0,0.0,0.0
2014-08-25,,728.7396776875049,494.61,0.0,0.0,0.0
2014-09-01,,699.9192099187545,478.86,0.0,0.0,0.0
2014-09-08,,679.7922889268791,478.19,0.0,0.0,0.0
2014-09-15,,643.5075600341911,438.16499999999996,0.0,0.0,0.0
2014-09-22,,622.034804030772,388.365,0.0,0.0,0.0
2014-09-29,,568.3418236276948,347.91499999999996,0.0,0.0,0.0
2014-10-06,,568.3418236276948,348.975,0.0,0.0,0.0
2014-10-13,,568.3418236276948,383.03499999999997,0.0,0.0,0.0
2014-10-20,,568.3418236276948,370.54499999999996,0.0,0.0,0.0
2014-10-27,,547.8386564821305,338.445,0.0,0.0,0.0
2014-11-03,,544.7962908339175,343.20500000000004,0.0,0.0,0.0
2014-11-10,,544.7962908339175,377.125,0.0,0.0,0.0
2014-11-17,,544.7962908339175,380.025,0.0,0.0,0.0
2014-11-24,,544.7962908339175,373.945,0.0,0.0,0.0
2014-12-01,,544.7962908339175,377.845,0.0,0.0,0.0
2014-12-08,,544.6191794745199,364.97,0.0,0.0,0.0
2014-12-15,,512.983261527068,337.245,0.0,0.0,0.0
2014-12-22,,498.30293537436114,319.065,0.0,0.0,0.0
2014-12-29,,466.29314183692503,290.575,0.0,0.0,0.0
2015-01-05,,455.0093276532325,265.655,0.0,0.0,0.0
2015-01-12,,407.1643948879093,239.28500000000003,0.0,0.0,0.0
2015-01-19,,407.1643948879093,232.855,0.0,0.0,0.0
2015-01-26,,407.1643948879093,240.82,0.0,0.0,0.0
2015-02-02,,407.1643948879093,225.35500000000002,0.0,0.0,0.0
2015-02-09,,407.1643948879093,230.005,0.0,0.0,0.0
2015-02-16,,407.1643948879093,235.92000000000002,0.0,0.0,0.0
2015-02-23,,407.1643948879093,249.45,0.0,0.0,0.0
2015-03-02,,407.1643948879093,269.03,0.0,0.0,0.0
2015-03-09,,407.1643948879093,281.24,0.0,0.0,0.0
2015-03-16,,407.1643948879093,277.765,0.0,0.0,0.0
2015-03-23,,401.60783054739505,255.67000000000002,0.0,0.0,0.0
2015-03-30,,389.4550474926556,251.7,0.0,0.0,0.0
2015-04-06,,382.74904274338996,248.565,0.0,0.0,0.0
2015-04-13,,355.96813846905104,229.185,0.0,0.0,0.0
2015-04-20,,350.0158246221459,220.99,0.0,0.0,0.0
2015-04-27,,349.8367421599313,230.14999999999998,0.0,0.0,0.0
2015-05-04,,349.8367421599313,240.70999999999998,0.0,0.0,0.0
2015-05-11,,345.2379111495444,238.47500000000002,0.0,0.0,0.0
2015-05-18,,335.98262003458996,238.60500000000002,0.0,0.0,0.0
2015-05-25,,328.289358031131,234.81,0.0,0.0,0.0
2015-06-01,,313.4604222280178,225.82,0.0,0.0,0.0
2015-06-08,,312.346380005216,228.415,0.0,0.0,0.0
2015-06-15,,312.346380005216,238.875,0.0,0.0,0.0
2015-06-22,,312.346380005216,246.48000000000002,0.0,0.0,0.0
2015-06-29,,312.346380005216,260.335,0.0,0.0,0.0
2015-07-06,,312.346380005216,291.48,0.0,0.0,0.0
2015-07-13,,312.346380005216,293.09000000000003,0.0,0.0,0.0
2015-07-20,,312.346380005216,284.025,0.0,0.0,0.0
2015-07-27,,312.346380005216,287.72,0.0,0.0,0.0
2015-08-03,,312.346380005216,274.01,0.0,0.0,0.0
2015-08-10,,312.346380005216,262.79499999999996,0.0,0.0,0.0
2015-08-17,,312.346380005216,244.21499999999997,0.0,0.0,0.0
2015-08-24,,312.346380005216,229.04500000000002,0.0,0.0,0.0
2015-08-31,,312.346380005216,235.48000000000002,0.0,0.0,0.0
2015-09-07,,312.346380005216,235.98000000000002,0.0,0.0,0.0
2015-09-14,,312.346380005216,231.615,0.0,0.0,0.0
2015-09-21,,312.346380005216,232.74,0.0,0.0,0.0
2015-09-28,,312.346380005216,236.435,0.0,0.0,0.0
2015-10-05,,312.346380005216,243.73000000000002,0.0,0.0,0.0
2015-10-12,,312.346380005216,256.465,0.0,0.0,0.0
2015-10-19,,312.346380005216,275.04,0.0,0.0,0.0
2015-10-26,221.46491930947334,,307.46500000000003,1.0,0.0,1.0
2015-11-02,283.34592737852597,,352.165,0.0,0.0,0.0
2015-11-09,283.34592737852597,,347.52,0.0,0.0,0.0
2015-11-16,283.34592737852597,,322.73,0.0,0.0,0.0
2015-11-23,283.34592737852597,,349.275,0.0,0.0,0.0
2015-11-30,283.34592737852597,,382.22,0.0,0.0,0.0
2015-12-07,283.34592737852597,,412.12,0.0,0.0,0.0
2015-12-14,290.8530430219712,,437.765,0.0,0.0,0.0
2015-12-21,290.8530430219712,,432.47,0.0,0.0,0.0
2015-12-28,290.8530430219712,,425.105,0.0,0.0,0.0
2016-01-04,298.260713363017,,438.99,0.0,0.0,0.0
2016-01-11,298.260713363017,,415.67999999999995,0.0,0.0,0.0
2016-01-18,298.260713363017,,392.44,0.0,0.0,0.0
2016-01-25,298.260713363017,,384.14,0.0,0.0,0.0
2016-02-01,298.260713363017,,368.79499999999996,0.0,0.0,0.0
2016-02-08,298.260713363017,,390.28,0.0,0.0,0.0
2016-02-15,298.260713363017,,424.395,0.0,0.0,0.0
2016-02-22,298.260713363017,,437.47,0.0,0.0,0.0
2016-02-29,298.260713363017,,419.105,0.0,0.0,0.0
2016-03-07,298.260713363017,,407.82,0.0,0.0,0.0
2016-03-14,298.260713363017,,411.625,0.0,0.0,0.0
2016-03-21,298.260713363017,,419.08500000000004,0.0,0.0,0.0
2016-03-28,298.260713363017,,423.97,0.0,0.0,0.0
2016-04-04,306.99141324977836,,421.155,0.0,0.0,0.0
2016-04-11,321.8162719248005,,424.91499999999996,0.0,0.0,0.0
2016-04-18,339.33714473232044,,445.765,0.0,0.0,0.0
2016-04-25,346.62193025908846,,457.22,0.0,0.0,0.0
2016-05-02,346.62193025908846,,455.495,0.0,0.0,0.0
2016-05-09,354.4208135098616,,458.885,0.0,0.0,0.0
2016-05-16,354.4208135098616,,447.71500000000003,0.0,0.0,0.0
2016-05-23,374.5663089429879,,484.2,0.0,0.0,0.0
2016-05-30,417.35817804868907,,551.995,0.0,0.0,0.0
2016-06-06,461.3118602438202,,623.005,0.0,0.0,0.0
2016-06-13,537.5096742194382,,719.64,0.0,0.0,0.0
2016-06-20,537.5096742194382,,703.36375,0.0,0.0,0.0
2016-06-27,537.5096742194382,,645.7973750000001,0.0,0.0,0.0
2016-07-04,537.5096742194382,,655.0075,0.0,0.0,0.0
2016-07-11,537.5096742194382,,665.6925,0.0,0.0,0.0
2016-07-18,537.5096742194382,,671.2570000000001,0.0,0.0,0.0
2016-07-25,537.5096742194382,,642.8925,0.0,0.0,0.0
2016-08-01,537.5096742194382,,609.18875,0.0,0.0,0.0
2016-08-08,537.5096742194382,,582.94,0.0,0.0,0.0
2016-08-15,537.5096742194382,,575.7762499999999,0.0,0.0,0.0
2016-08-22,537.5096742194382,,577.210375,0.0,0.0,0.0
2016-08-29,537.5096742194382,,591.705,0.0,0.0,0.0
2016-09-05,537.5096742194382,,608.238125,0.0,0.0,0.0
2016-09-12,537.5096742194382,,608.6822500000001,0.0,0.0,0.0
2016-09-19,537.5096742194382,,605.246,0.0,0.0,0.0
2016-09-26,537.5096742194382,,605.480625,0.0,0.0,0.0
2016-10-03,537.5096742194382,,613.2697499999999,0.0,0.0,0.0
2016-10-10,537.5096742194382,,628.142625,0.0,0.0,0.0
2016-10-17,537.5096742194382,,646.268,0.0,0.0,0.0
2016-10-24,547.4825226868516,,674.894625,0.0,0.0,0.0
2016-10-31,565.4946329181664,,705.800875,0.0,0.0,0.0
2016-11-07,566.4757821263498,,707.645,0.0,0.0,0.0
2016-11-14,575.8366164137149,,715.687,0.0,0.0,0.0
2016-11-21,594.2741672723433,,729.00125,0.0,0.0,0.0
2016-11-28,607.946100545109,,747.434375,0.0,0.0,0.0
2016-12-05,621.0864154905981,,768.383875,0.0,0.0,0.0
2016-12-12,647.8732614415384,,780.73825,0.0,0.0,0.0
2016-12-19,695.0790727973845,,842.65125,0.0,0.0,0.0
2016-12-26,770.0267905176458,,945.7101250000001,0.0,0.0,0.0
2017-01-02,770.0267905176458,,956.597,0.0,0.0,0.0
2017-01-09,770.0267905176458,,871.1225,0.0,0.0,0.0
2017-01-16,770.0267905176458,,876.742625,0.0,0.0,0.0
2017-01-23,770.0267905176458,,920.41525,0.0,0.0,0.0
2017-01-30,770.0267905176458,,964.8107500000001,0.0,0.0,0.0
2017-02-06,770.0267905176458,,1009.140875,0.0,0.0,0.0
2017-02-13,770.0267905176458,,1030.191625,0.0,0.0,0.0
2017-02-20,808.7167744076103,,1116.8735,0.0,0.0,0.0
2017-02-27,895.7229469668496,,1226.0430000000001,0.0,0.0,0.0
2017-03-06,895.7229469668496,,1251.2248749999999,0.0,0.0,0.0
2017-03-13,895.7229469668496,,1123.06825,0.0,0.0,0.0
2017-03-20,895.7229469668496,,989.018125,0.0,0.0,0.0
2017-03-27,895.7229469668496,,1033.262375,0.0,0.0,0.0
2017-04-03,895.7229469668496,,1155.342625,0.0,0.0,0.0
2017-04-10,895.7229469668496,,1191.9047500000001,0.0,0.0,0.0
2017-04-17,895.7229469668496,,1210.403,0.0,0.0,0.0
2017-04-24,895.7229469668496,,1304.2708750000002,0.0,0.0,0.0
2017-05-01,1011.4216469621811,,1463.946875,0.0,0.0,0.0
2017-05-08,1193.887557265963,,1679.85675,0.0,0.0,0.0
2017-05-15,1286.0345015393666,,1909.4782500000001,0.0,0.0,0.0
2017-05-22,1511.0322388854302,,2110.9175,0.0,0.0,0.0
2017-05-29,1511.0322388854302,,2357.7355,0.0,0.0,0.0
2017-06-05,1824.7695947471984,,2741.574625,0.0,0.0,0.0
2017-06-12,1824.7695947471984,,2735.9934999999996,0.0,0.0,0.0
2017-06-19,1824.7695947471984,,2505.712875,0.0,0.0,0.0
2017-06-26,1824.7695947471984,,2503.754625,0.0,0.0,0.0
2017-07-03,1824.7695947471984,,2505.02775,0.0,0.0,0.0
2017-07-10,1824.7695947471984,,2206.598625,0.0,0.0,0.0
2017-07-17,1824.7695947471984,,2333.0637500000003,0.0,0.0,0.0
2017-07-24,1824.7695947471984,,2756.22375,0.0,0.0,0.0
2017-07-31,1824.7695947471984,,2989.6838749999997,0.0,0.0,0.0
2017-08-07,2119.2278129656215,,3642.4255000000003,0.0,0.0,0.0
2017-08-14,2528.6647816690593,,4060.32175,0.0,0.0,0.0
2017-08-21,2528.6647816690593,,4199.092625,0.0,0.0,0.0
2017-08-28,2806.432235651938,,4479.691,0.0,0.0,0.0
2017-09-04,2806.432235651938,,4436.295,0.0,0.0,0.0
2017-09-11,2806.432235651938,,3978.3462499999996,0.0,0.0,0.0
2017-09-18,2806.432235651938,,3686.51375,0.0,0.0,0.0
2017-09-25,2806.432235651938,,4027.3100000000004,0.0,0.0,0.0
2017-10-02,2806.432235651938,,4492.09375,0.0,0.0,0.0
2017-10-09,3050.7208827598524,,5143.2975,0.0,0.0,0.0
2017-10-16,3380.5922944838667,,5836.50625,0.0,0.0,0.0
2017-10-23,3523.2121900354796,,6058.75,0.0,0.0,0.0
2017-10-30,4265.317471031933,,6760.092500000001,0.0,0.0,0.0
2017-11-06,4265.317471031933,,6627.5599999999995,0.0,0.0,0.0
2017-11-13,4265.317471031933,,6942.641250000001,0.0,0.0,0.0
2017-11-20,5078.014205132277,,8656.00875,0.0,0.0,0.0
2017-11-27,6443.819409619051,,10270.865,0.0,0.0,0.0
2017-12-04,8583.919843657146,,13145.4,0.0,0.0,0.0
2017-12-11,10966.531859291434,,17082.87125,0.0,0.0,0.0
2017-12-18,10966.531859291434,,16594.13875,0.0,0.0,0.0
2017-12-25,10966.531859291434,,13967.8875,0.0,0.0,0.0
2018-01-01,10966.531859291434,,15016.27375,0.0,0.0,0.0
2018-01-08,10966.531859291434,,14907.1175,0.0,0.0,0.0
2018-01-15,10966.531859291434,,12601.02875,0.0,0.0,0.0
2018-01-22,10966.531859291434,,11577.39,0.0,0.0,0.0
2018-01-29,,19436.200766864673,9890.94125,0.0,1.0,1.0
2018-02-05,,17255.605690178207,8116.04625,0.0,0.0,0.0
2018-02-12,,17255.605690178207,9240.645,0.0,0.0,0.0
2018-02-19,,17255.605690178207,10002.17625,0.0,0.0,0.0
2018-02-26,,17255.605690178207,10535.11125,0.0,0.0,0.0
2018-03-05,,17255.605690178207,10505.74125,0.0,0.0,0.0
2018-03-12,,17255.605690178207,8862.1325,0.0,0.0,0.0
2018-03-19,,17175.138641253994,8323.29125,0.0,0.0,0.0
2018-03-26,,15766.729277128596,7633.147499999999,0.0,0.0,0.0
2018-04-02,,14780.418849415735,6918.328750000001,0.0,0.0,0.0
2018-04-09,,14780.418849415735,7691.942499999999,0.0,0.0,0.0
2018-04-16,,14780.418849415735,8579.826249999998,0.0,0.0,0.0
2018-04-23,,14780.418849415735,9094.936249999999,0.0,0.0,0.0
2018-04-30,,14780.418849415735,9501.7925,0.0,0.0,0.0
2018-05-07,,14780.418849415735,9149.154999999999,0.0,0.0,0.0
2018-05-14,,14287.662375663598,8605.40625,0.0,0.0,0.0
2018-05-21,,13605.141263097237,7931.18125,0.0,0.0,0.0
2018-05-28,,12769.656511787514,7525.891250000001,0.0,0.0,0.0
2018-06-04,,12349.825360608762,7241.838750000001,0.0,0.0,0.0
2018-06-11,,11393.991199547887,6609.425,0.0,0.0,0.0
2018-06-18,,11008.043954593097,6299.52,0.0,0.0,0.0
2018-06-25,,10619.169934133788,6248.4974999999995,0.0,0.0,0.0
2018-07-02,,10619.169934133788,6524.93375,0.0,0.0,0.0
2018-07-09,,10431.266046648369,6524.155,0.0,0.0,0.0
2018-07-16,,10431.266046648369,6874.0075,0.0,0.0,0.0
2018-07-23,,10431.266046648369,7806.77375,0.0,0.0,0.0
2018-07-30,,10431.266046648369,7622.4487500000005,0.0,0.0,0.0
2018-08-06,,10431.266046648369,6671.4575,0.0,0.0,0.0
2018-08-13,,10006.001944085394,6399.2325,0.0,0.0,0.0
2018-08-20,,10006.001944085394,6595.915,0.0,0.0,0.0
2018-08-27,,10006.001944085394,6997.72375,0.0,0.0,0.0
2018-09-03,,10006.001944085394,6791.2975,0.0,0.0,0.0
2018-09-10,,9593.577352639428,6381.7625,0.0,0.0,0.0
2018-09-17,,9507.227617375484,6556.200000000001,0.0,0.0,0.0
2018-09-24,,9380.922480637935,6594.860000000001,0.0,0.0,0.0
2018-10-01,,9132.184357574144,6561.703750000001,0.0,0.0,0.0
2018-10-08,,8915.680046816728,6377.297500000001,0.0,0.0,0.0
2018-10-15,,8915.680046816728,6297.65,0.0,0.0,0.0
2018-10-22,,8687.75500042155,6409.3675,0.0,0.0,0.0
2018-10-29,,8461.242500379394,6413.8375,0.0,0.0,0.0
2018-11-05,,8404.671125341456,6392.07125,0.0,0.0,0.0
2018-11-12,,7944.102887807309,5959.0425,0.0,0.0,0.0
2018-11-19,,7078.120974026579,4746.424999999999,0.0,0.0,0.0
2018-11-26,,6547.037876623921,4018.23125,0.0,0.0,0.0
2018-12-03,,6258.088463961529,3817.14125,0.0,0.0,0.0
2018-12-10,,5833.002742565375,3361.9700000000003,0.0,0.0,0.0
2018-12-17,,5833.002742565375,3568.7675,0.0,0.0,0.0
2018-12-24,,5833.002742565375,3888.48875,0.0,0.0,0.0
2018-12-31,,5833.002742565375,3936.0924999999997,0.0,0.0,0.0
2019-01-07,,5833.002742565375,3777.57125,0.0,0.0,0.0
2019-01-14,,5833.002742565375,3524.81,0.0,0.0,0.0
2019-01-21,,5589.755079826686,3533.64375,0.0,0.0,0.0
2019-01-28,,5337.924071844017,3473.5025,0.0,0.0,0.0
2019-02-04,,5337.924071844017,3531.98125,0.0,0.0,0.0
2019-02-11,,5288.329010693653,3637.48375,0.0,0.0,0.0
2019-02-18,,5288.329010693653,3679.04375,0.0,0.0,0.0
2019-02-25,,5288.329010693653,3760.66625,0.0,0.0,0.0
2019-03-04,,5288.329010693653,3843.4753102249997,0.0,0.0,0.0
2019-03-11,,5288.329010693653,3932.72875,0.0,0.0,0.0
2019-03-18,,5288.329010693653,3967.94125,0.0,0.0,0.0
2019-03-25,,5285.781102927047,4032.55625,0.0,0.0,0.0
2019-04-01,,5285.781102927047,4644.12375,0.0,0.0,0.0
2019-04-08,,5285.781102927047,5178.123750000001,0.0,0.0,0.0
2019-04-15,3624.9538066290925,,5229.13625,1.0,0.0,1.0
2019-04-22,3624.9538066290925,,5226.7075,0.0,0.0,0.0
2019-04-29,3761.6308212826084,,5434.71875,0.0,0.0,0.0
2019-05-06,4443.357489154347,,6346.11375,0.0,0.0,0.0
2019-05-13,4967.478990238913,,7583.8949999999995,0.0,0.0,0.0
2019-05-20,5502.519091215022,,8466.7875,0.0,0.0,0.0
2019-05-27,5845.43705709352,,8738.4875,0.0,0.0,0.0
2019-06-03,5845.43705709352,,8187.762500000001,0.0,0.0,0.0
2019-06-10,5845.43705709352,,8304.838749999999,0.0,0.0,0.0
2019-06-17,6604.163212121175,,9903.00875,0.0,0.0,0.0
2019-06-24,7875.544015909059,,10790.7575,0.0,0.0,0.0
2019-07-01,7875.544015909059,,11116.00625,0.0,0.0,0.0
2019-07-08,7875.544015909059,,10889.052500000002,0.0,0.0,0.0
2019-07-15,7875.544015909059,,10445.40375,0.0,0.0,0.0
2019-07-22,7875.544015909059,,10062.79375,0.0,0.0,0.0
2019-07-29,7875.544015909059,,10257.25625,0.0,0.0,0.0
2019-08-05,7875.544015909059,,11255.69875,0.0,0.0,0.0
2019-08-12,7875.544015909059,,10927.99375,0.0,0.0,0.0
2019-08-19,7875.544015909059,,10227.8725,0.0,0.0,0.0
2019-08-26,7875.544015909059,,9955.752499999999,0.0,0.0,0.0
2019-09-02,7875.544015909059,,10085.87375,0.0,0.0,0.0
2019-09-09,7875.544015909059,,10352.99125,0.0,0.0,0.0
2019-09-16,7875.544015909059,,10169.16375,0.0,0.0,0.0
2019-09-23,7875.544015909059,,9039.872500000001,0.0,0.0,0.0
2019-09-30,,12435.97272835732,7958.75875,0.0,1.0,1.0
2019-10-07,,12435.97272835732,8071.67375,0.0,0.0,0.0
2019-10-14,,12089.43303496943,8257.05125,0.0,0.0,0.0
2019-10-21,,12089.43303496943,8892.48125,0.0,0.0,0.0
2019-10-28,,12089.43303496943,9382.515,0.0,0.0,0.0
2019-11-04,,12089.43303496943,9120.405,0.0,0.0,0.0
2019-11-11,,12089.43303496943,8767.974999999999,0.0,0.0,0.0
2019-11-18,,11770.229831619099,7704.6900000000005,0.0,0.0,0.0
2019-11-25,,11315.136348457188,7155.23,0.0,0.0,0.0
2019-12-02,,11315.136348457188,7465.512500000001,0.0,0.0,0.0
2019-12-09,,11059.728567250324,7317.93375,0.0,0.0,0.0
2019-12-16,,10658.501585525291,7313.1125,0.0,0.0,0.0
2019-12-23,,10658.501585525291,7452.7575,0.0,0.0,0.0
2019-12-30,,10525.931284275486,7367.7425,0.0,0.0,0.0
2020-01-06,,10525.931284275486,7764.81125,0.0,0.0,0.0
2020-01-13,,10525.931284275486,8440.4625,0.0,0.0,0.0
2020-01-20,,10525.931284275486,8645.52875,0.0,0.0,0.0
2020-01-27,,10525.931284275486,8960.307499999999,0.0,0.0,0.0
2020-02-03,,10525.931284275486,9743.591250000001,0.0,0.0,0.0
2020-02-10,,10525.931284275486,10044.79375,0.0,0.0,0.0
2020-02-17,,10525.931284275486,9945.01375,0.0,0.0,0.0
2020-02-24,,10525.931284275486,9248.767500000002,0.0,0.0,0.0
2020-03-02,,10525.931284275486,8278.925,0.0,0.0,0.0
2020-03-09,,10329.59939066982,6690.28625,0.0,0.0,0.0
2020-03-16,,10329.59939066982,5585.445,0.0,0.0,0.0
2020-03-23,,10329.59939066982,5847.1025,0.0,0.0,0.0
2020-03-30,,10329.59939066982,6327.61125,0.0,0.0,0.0
2020-04-06,,10329.59939066982,6842.202499999999,0.0,0.0,0.0
2020-04-13,,10329.59939066982,7018.285,0.0,0.0,0.0
2020-04-20,,10329.59939066982,7415.745,0.0,0.0,0.0
2020-04-27,,10329.59939066982,8307.3,0.0,0.0,0.0
2020-05-04,,10329.59939066982,8819.77875,0.0,0.0,0.0
2020-05-11,,10329.59939066982,9200.70125,0.0,0.0,0.0
2020-05-18,,10329.59939066982,9198.994999999999,0.0,0.0,0.0
2020-05-25,,10329.59939066982,9080.9025,0.0,0.0,0.0
2020-06-01,,10329.59939066982,9599.776249999999,0.0,0.0,0.0
2020-06-08,,10329.59939066982,9542.8525,0.0,0.0,0.0
2020-06-15,,10329.59939066982,9308.26625,0.0,0.0,0.0
2020-06-22,,10329.59939066982,9201.708750000002,0.0,0.0,0.0
2020-06-29,,10329.59939066982,9097.67375,0.0,0.0,0.0
2020-07-06,,10329.59939066982,9190.567500000001,0.0,0.0,0.0
2020-07-13,,10329.59939066982,9258.95125,0.0,0.0,0.0
2020-07-20,,10329.59939066982,9579.005000000001,0.0,0.0,0.0
2020-07-27,7613.773060739277,,10504.13875,1.0,0.0,1.0
2020-08-03,8026.51575466535,,11379.69625,0.0,0.0,0.0
2020-08-10,8277.233179198813,,11803.338749999999,0.0,0.0,0.0
2020-08-17,8590.958611278933,,11785.505,0.0,0.0,0.0
2020-08-24,8590.958611278933,,11683.29125,0.0,0.0,0.0
2020-08-31,8590.958611278933,,10986.08625,0.0,0.0,0.0
2020-09-07,8590.958611278933,,10296.74,0.0,0.0,0.0
2020-09-14,8590.958611278933,,10628.567500000001,0.0,0.0,0.0
2020-09-21,8590.958611278933,,10849.445,0.0,0.0,0.0
2020-09-28,8590.958611278933,,10726.125,0.0,0.0,0.0
2020-10-05,8590.958611278933,,11023.34125,0.0,0.0,0.0
2020-10-12,8590.958611278933,,11444.125,0.0,0.0,0.0
2020-10-19,9143.088192992334,,12277.71,0.0,0.0,0.0
2020-10-26,10127.4627486931,,13405.526249999999,0.0,0.0,0.0
2020-11-02,10788.475848823791,,14626.443749999999,0.0,0.0,0.0
2020-11-09,11729.012263941413,,15726.38875,0.0,0.0,0.0
2020-11-16,12965.274287547272,,17206.6575,0.0,0.0,0.0
2020-11-23,12965.274287547272,,18318.79375,0.0,0.0,0.0
2020-11-30,13735.530022913292,,18791.72625,0.0,0.0,0.0
2020-12-07,13735.530022913292,,19272.07,0.0,0.0,0.0
2020-12-14,15386.478143559769,,21319.567499999997,0.0,0.0,0.0
2020-12-21,17560.39220420379,,24868.081250000003,0.0,0.0,0.0
2020-12-28,20811.92185878341,,29670.411249999997,0.0,0.0,0.0
2021-01-04,22038.91292290506,,35630.62875,0.0,0.0,0.0
2021-01-11,22038.91292290506,,36996.52375,0.0,0.0,0.0
2021-01-18,22038.91292290506,,34056.16125,0.0,0.0,0.0
2021-01-25,22038.91292290506,,32716.22625,0.0,0.0,0.0
2021-02-01,22038.91292290506,,35998.55375,0.0,0.0,0.0
2021-02-08,24264.69823197121,,43768.74125,0.0,0.0,0.0
2021-02-15,30665.99840877409,,53072.3825,0.0,0.0,0.0
2021-02-22,30665.99840877409,,51364.1425,0.0,0.0,0.0
2021-03-01,30665.99840877409,,48112.41,0.0,0.0,0.0
2021-03-08,30665.99840877409,,54987.802500000005,0.0,0.0,0.0
2021-03-15,32097.402740246678,,58177.78375,0.0,0.0,0.0
2021-03-22,32097.402740246678,,56588.259999999995,0.0,0.0,0.0
2021-03-29,33736.704694599815,,56999.035,0.0,0.0,0.0
2021-04-05,35217.92810013983,,59093.416249999995,0.0,0.0,0.0
2021-04-12,35217.92810013983,,58126.11125,0.0,0.0,0.0
2021-04-19,35217.92810013983,,52690.568750000006,0.0,0.0,0.0
2021-04-26,35217.92810013983,,52874.715,0.0,0.0,0.0
2021-05-03,35217.92810013983,,57460.24249999999,0.0,0.0,0.0
2021-05-10,35217.92810013983,,52390.51625,0.0,0.0,0.0
2021-05-17,,68053.14101129358,40592.34375,0.0,1.0,1.0
2021-05-24,,66310.14078516423,35207.14125,0.0,0.0,0.0
2021-05-31,,64676.37508164781,35736.927500000005,0.0,0.0,0.0
2021-06-07,,62772.580948483024,37414.60375,0.0,0.0,0.0
2021-06-14,,62772.580948483024,37309.5275,0.0,0.0,0.0
2021-06-21,,58840.54070577126,35142.14,0.0,0.0,0.0
2021-06-28,,58840.54070577126,34999.84125,0.0,0.0,0.0
2021-07-05,,57255.05959667472,34767.9675,0.0,0.0,0.0
2021-07-12,,55144.53163700725,33024.61,0.0,0.0,0.0
2021-07-19,,54280.814098306524,33608.68,0.0,0.0,0.0
2021-07-26,,54280.814098306524,37648.86625,0.0,0.0,0.0
2021-08-02,,54280.814098306524,41857.707500000004,0.0,0.0,0.0
2021-08-09,,54280.814098306524,45429.068750000006,0.0,0.0,0.0
2021-08-16,,54280.814098306524,48155.31125,0.0,0.0,0.0
2021-08-23,,54280.814098306524,49045.850000000006,0.0,0.0,0.0
2021-08-30,,54280.814098306524,50293.10249999999,0.0,0.0,0.0
2021-09-06,,54280.814098306524,48915.2775,0.0,0.0,0.0
2021-09-13,,54280.814098306524,46645.12,0.0,0.0,0.0
2021-09-20,,54280.814098306524,45223.713749999995,0.0,0.0,0.0
2021-09-27,,54280.814098306524,45703.67125,0.0,0.0,0.0
2021-10-04,29698.917250853505,,51464.854999999996,1.0,0.0,1.0
2021-10-11,35904.138775768144,,58104.65875,0.0,0.0,0.0
2021-10-18,40748.17527319134,,61201.4225,0.0,0.0,0.0
2021-10-25,40748.17527319134,,61110.195,0.0,0.0,0.0
2021-11-01,40748.17527319134,,62335.915,0.0,0.0,0.0
2021-11-08,44502.50841040648,,64407.76875,0.0,0.0,0.0
2021-11-15,44502.50841040648,,62148.396250000005,0.0,0.0,0.0
2021-11-22,44502.50841040648,,58006.0075,0.0,0.0,0.0
2021-11-29,44502.50841040648,,53364.705,0.0,0.0,0.0
2021-12-06,44502.50841040648,,49726.975,0.0,0.0,0.0
2021-12-13,44502.50841040648,,48372.53,0.0,0.0,0.0
2021-12-20,44502.50841040648,,48695.57,0.0,0.0,0.0
2021-12-27,44502.50841040648,,49071.265,0.0,0.0,0.0
2022-01-03,,66211.07525105966,44570.18,0.0,1.0,1.0
2022-01-10,,63460.745225953695,42496.155,0.0,0.0,0.0
2022-01-17,,60776.31770335832,39684.770000000004,0.0,0.0,0.0
2022-01-24,,57400.33543302248,37051.26,0.0,0.0,0.0
2022-01-31,,57400.33543302248,40165.455,0.0,0.0,0.0
2022-02-07,,57400.33543302248,42246.695,0.0,0.0,0.0
2022-02-14,,57400.33543302248,40230.555,0.0,0.0,0.0
2022-02-21,,57400.33543302248,38051.41,0.0,0.0,0.0
2022-02-28,,57400.33543302248,38067.655,0.0,0.0,0.0
2022-03-07,,57400.33543302248,38101.895000000004,0.0,0.0,0.0
2022-03-14,,57400.33543302248,39531.58,0.0,0.0,0.0
2022-03-21,,57400.33543302248,44074.175,0.0,0.0,0.0
2022-03-28,,57400.33543302248,46634.28,0.0,0.0,0.0
2022-04-04,,57400.33543302248,44288.3,0.0,0.0,0.0
2022-04-11,,57400.33543302248,40924.82,0.0,0.0,0.0
2022-04-18,,57400.33543302248,39570.14,0.0,0.0,0.0
2022-04-25,,55560.89310238406,38970.125,0.0,0.0,0.0
2022-05-02,,53583.227792145655,36251.535,0.0,0.0,0.0
2022-05-09,,47495.89501293109,32664.585,0.0,0.0,0.0
2022-05-16,,46682.82651163798,30775.79,0.0,0.0,0.0
2022-05-23,,45143.21236047418,29855.07,0.0,0.0,0.0
2022-05-30,,45143.21236047418,29675.205,0.0,0.0,0.0
2022-06-06,,44412.76096198409,28233.769999999997,0.0,0.0,0.0
2022-06-13,,38753.90936578568,23549.739999999998,0.0,0.0,0.0
2022-06-20,,36300.239929207106,20790.08,0.0,0.0,0.0
2022-06-27,,34938.167936286394,20159.57,0.0,0.0,0.0
2022-07-04,,34938.167936286394,20068.67,0.0,0.0,0.0
2022-07-11,,34089.166778391984,20819.61,0.0,0.0,0.0
2022-07-18,,34089.166778391984,21688.120000000003,0.0,0.0,0.0
2022-07-25,,34089.166778391984,22951.09,0.0,0.0,0.0
2022-08-01,,34089.166778391984,23243.28,0.0,0.0,0.0
2022-08-08,,34089.166778391984,23746.940000000002,0.0,0.0,0.0
2022-08-15,,34089.166778391984,22905.690000000002,0.0,0.0,0.0
2022-08-22,,32214.457426855413,20534.67,0.0,0.0,0.0
2022-08-29,,30720.487184169873,19779.03,0.0,0.0,0.0
2022-09-05,,30720.487184169873,20922.870000000003,0.0,0.0,0.0
2022-09-12,,30720.487184169873,20627.68,0.0,0.0,0.0
2022-09-19,,29074.65672725984,19114.85,0.0,0.0,0.0
2022-09-26,,29039.829054533853,18932.370000000003,0.0,0.0,0.0
2022-10-03,,28819.523649080467,19253.61,0.0,0.0,0.0
2022-10-10,,27777.843784172423,19352.755,0.0,0.0,0.0
2022-10-17,,27343.75440575518,19417.45,0.0,0.0,0.0
2022-10-24,,27343.75440575518,20101.08,0.0,0.0,0.0
2022-10-31,,27343.75440575518,20771.38,0.0,0.0,0.0
2022-11-07,,26771.458581795523,18607.875,0.0,0.0,0.0
2022-11-14,,24486.911723615973,16278.67,0.0,0.0,0.0
2022-11-21,,23743.542551254377,16338.77,0.0,0.0,0.0
2022-11-28,,23743.542551254377,16767.265,0.0,0.0,0.0
2022-12-05,,23743.542551254377,17099.46,0.0,0.0,0.0
2022-12-12,,23743.542551254377,16917.475,0.0,0.0,0.0
2022-12-19,,22837.343569377994,16786.739999999998,0.0,0.0,0.0
2022-12-26,,22400.004212440195,16721.504999999997,0.0,0.0,0.0
2023-01-02,,22217.807791196174,16869.225,0.0,0.0,0.0
2023-01-09,,22217.807791196174,19005.315000000002,0.0,0.0,0.0
2023-01-16,15490.975739131096,,21797.489999999998,1.0,0.0,1.0
2023-01-23,16901.72066521799,,23233.2,0.0,0.0,0.0
2023-01-30,17240.89059869619,,23342.92,0.0,0.0,0.0
2023-02-06,17240.89059869619,,22363.16,0.0,0.0,0.0
2023-02-13,17240.89059869619,,23038.04,0.0,0.0,0.0
2023-02-20,17240.89059869619,,23921.184999999998,0.0,0.0,0.0
2023-02-27,17240.89059869619,,22994.125,0.0,0.0,0.0
2023-03-06,17240.89059869619,,22336.1,0.0,0.0,0.0
2023-03-13,17240.89059869619,,25150.199999999997,0.0,0.0,0.0
2023-03-20,19745.075573121027,,28034.66,0.0,0.0,0.0
2023-03-27,19813.138015808923,,28092.825,0.0,0.0,0.0
2023-04-03,20305.142714228037,,28262.095,0.0,0.0,0.0
2023-04-10,21816.725442805233,,29334.370000000003,0.0,0.0,0.0
2023-04-17,21816.725442805233,,28960.29,0.0,0.0,0.0
2023-04-24,21816.725442805233,,28422.465,0.0,0.0,0.0
2023-05-01,21816.725442805233,,28922.205,0.0,0.0,0.0
2023-05-08,21816.725442805233,,27763.59,0.0,0.0,0.0
2023-05-15,21816.725442805233,,26842.18,0.0,0.0,0.0
2023-05-22,21816.725442805233,,27417.695,0.0,0.0,0.0
2023-05-29,21816.725442805233,,27603.0,0.0,0.0,0.0
2023-06-05,21816.725442805233,,26530.495,0.0,0.0,0.0
2023-06-12,21816.725442805233,,26141.03,0.0,0.0,0.0
2023-06-19,21816.725442805233,,28407.09,0.0,0.0,0.0
2023-06-26,22597.938173579747,,30549.58,0.0,0.0,0.0
2023-07-03,23096.274856221775,,30400.72,0.0,0.0,0.0
2023-07-10,23531.211370599598,,30212.915,0.0,0.0,0.0
2023-07-17,23531.211370599598,,30170.86,0.0,0.0,0.0
2023-07-24,23531.211370599598,,29689.885000000002,0.0,0.0,0.0
2023-07-31,23531.211370599598,,29170.765,0.0,0.0,0.0
2023-08-07,23531.211370599598,,29171.504999999997,0.0,0.0,0.0
2023-08-14,23531.211370599598,,27742.565000000002,0.0,0.0,0.0
2023-08-21,23531.211370599598,,26146.68,0.0,0.0,0.0
2023-08-28,23531.211370599598,,26034.35,0.0,0.0,0.0
2023-09-04,23531.211370599598,,25906.125,0.0,0.0,0.0
2023-09-11,23531.211370599598,,26187.815,0.0,0.0,0.0
2023-09-18,23531.211370599598,,26399.55,0.0,0.0,0.0
2023-09-25,23531.211370599598,,27123.765,0.0,0.0,0.0
2023-10-02,23531.211370599598,,27965.6,0.0,0.0,0.0
2023-10-09,23531.211370599598,,27552.935,0.0,0.0,0.0
2023-10-16,23531.211370599598,,28587.835,0.0,0.0,0.0
2023-10-23,25379.890399713222,,32271.93,0.0,0.0,0.0
2023-10-30,27994.7913597419,,34796.175,0.0,0.0,0.0
2023-11-06,28901.52172376771,,36057.850000000006,0.0,0.0,0.0
2023-11-13,28901.52172376771,,37228.81,0.0,0.0,0.0
2023-11-20,29391.78044625185,,37426.705,0.0,0.0,0.0
2023-11-27,30531.017901626663,,38716.23,0.0,0.0,0.0
2023-12-04,33696.927611463994,,41885.45,0.0,0.0,0.0
2023-12-11,33696.927611463994,,42579.445,0.0,0.0,0.0
2023-12-18,33696.927611463994,,42194.615000000005,0.0,0.0,0.0
2023-12-25,33696.927611463994,,42651.01,0.0,0.0,0.0
2024-01-01,33696.927611463994,,43110.985,0.0,0.0,0.0
2024-01-08,34249.90040254337,,42828.485,0.0,0.0,0.0
2024-01-15,34249.90040254337,,41648.25,0.0,0.0,0.0
2024-01-22,34249.90040254337,,41807.9,0.0,0.0,0.0
2024-01-29,34249.90040254337,,42305.565,0.0,0.0,0.0
2024-02-05,34249.90040254337,,45445.065,0.0,0.0,0.0
2024-02-12,38441.07068419784,,50222.635,0.0,0.0,0.0
2024-02-19,40298.764615778055,,51930.315,0.0,0.0,0.0
2024-02-26,43265.97365420025,,57440.43,0.0,0.0,0.0
2024-03-04,48578.757788780225,,66079.53,0.0,0.0,0.0
2024-03-11,51954.121009902214,,68692.51999999999,0.0,0.0,0.0
2024-03-18,51954.121009902214,,67796.34,0.0,0.0,0.0
2024-03-25,51954.121009902214,,69272.94,0.0,0.0,0.0
2024-04-01,51954.121009902214,,70337.955,0.0,0.0,0.0
2024-04-08,51954.121009902214,,67554.29999999999,0.0,0.0,0.0
2024-04-15,51954.121009902214,,65356.259999999995,0.0,0.0,0.0
2024-04-22,51954.121009902214,,64050.72,0.0,0.0,0.0
2024-04-29,51954.121009902214,,63604.854999999996,0.0,0.0,0.0
2024-05-06,51954.121009902214,,62787.325,0.0,0.0,0.0
2024-05-13,51954.121009902214,,63893.705,0.0,0.0,0.0
2024-05-20,51954.121009902214,,67392.455,0.0,0.0,0.0
2024-05-27,51954.121009902214,,68124.10500000001,0.0,0.0,0.0
2024-06-03,51954.121009902214,,68698.765,0.0,0.0,0.0
2024-06-10,51954.121009902214,,68143.51999999999,0.0,0.0,0.0
2024-06-17,51954.121009902214,,64918.990000000005,0.0,0.0,0.0
2024-06-24,51954.121009902214,,62960.130000000005,0.0,0.0,0.0
2024-07-01,51954.121009902214,,59307.505000000005,0.0,0.0,0.0
2024-07-08,51954.121009902214,,58371.555,0.0,0.0,0.0
2024-07-15,51954.121009902214,,64514.545,0.0,0.0,0.0
2024-07-22,51954.121009902214,,68241.83499999999,0.0,0.0,0.0
2024-07-29,51954.121009902214,,63218.41,0.0,0.0,0.0
2024-08-05,51954.121009902214,,58444.575,0.0,0.0,0.0
2024-08-12,51954.121009902214,,58605.82,0.0,0.0,0.0
2024-08-19,51954.121009902214,,61379.845,0.0,0.0,0.0
2024-08-26,51954.121009902214,,60818.415,0.0,0.0,0.0
2024-09-02,51954.121009902214,,56119.83,0.0,0.0,0.0
2024-09-09,51954.121009902214,,57039.555,0.0,0.0,0.0
2024-09-16,51954.121009902214,,61385.46,0.0,0.0,0.0
2024-09-23,51954.121009902214,,64626.075,0.0,0.0,0.0
2024-09-30,51954.121009902214,,64237.785,0.0,0.0,0.0
2024-10-07,51954.121009902214,,62857.69,0.0,0.0,0.0
2024-10-14,51954.121009902214,,65950.14499999999,0.0,0.0,0.0
2024-10-21,51954.121009902214,,68492.345,0.0,0.0,0.0
2024-10-28,51954.121009902214,,68361.045,0.0,0.0,0.0
2024-11-04,52475.16778844952,,74583.91,0.0,0.0,0.0
2024-11-11,63388.78850960457,,85135.45999999999,0.0,0.0,0.0
2024-11-18,70346.41065864412,,93911.675,0.0,0.0,0.0
2024-11-25,70618.1175927797,,97626.62,0.0,0.0,0.0
2024-12-02,71945.76533350174,,99239.89499999999,0.0,0.0,0.0
2024-12-09,73334.00480015155,,102792.87,0.0,0.0,0.0
2024-12-16,73334.00480015155,,99765.63500000001,0.0,0.0,0.0
2024-12-23,73334.00480015155,,94388.54999999999,0.0,0.0,0.0
2024-12-30,73334.00480015155,,95999.985,0.0,0.0,0.0
2025-01-06,73334.00480015155,,96435.185,0.0,0.0,0.0
2025-01-13,73334.00480015155,,97871.935,0.0,0.0,0.0
2025-01-20,74093.83442863736,,101912.79000000001,0.0,0.0,0.0
2025-01-27,74093.83442863736,,100130.305,0.0,0.0,0.0
2025-02-03,74093.83442863736,,97085.42000000001,0.0,0.0,0.0
2025-02-10,74093.83442863736,,96344.31,0.0,0.0,0.0
2025-02-17,74093.83442863736,,96233.55,0.0,0.0,0.0
2025-02-24,74093.83442863736,,95321.64,0.0,0.0,0.0
2025-03-03,74093.83442863736,,87544.20499999999,0.0,0.0,0.0
2025-03-10,74093.83442863736,,81697.075,0.0,0.0,0.0
2025-03-17,74093.83442863736,,84376.37,0.0,0.0,0.0
2025-03-24,74093.83442863736,,84268.35500000001,0.0,0.0,0.0
2025-03-31,74093.83442863736,,80392.695,0.0,0.0,0.0
2025-04-07,74093.83442863736,,81051.88,0.0,0.0,0.0
2025-04-14,74093.83442863736,,84436.04000000001,0.0,0.0,0.0
2025-04-21,74093.83442863736,,89459.735,0.0,0.0,0.0
2025-04-28,74093.83442863736,,94092.9,0.0,0.0,0.0
2025-05-05,74093.83442863736,,99256.91,0.0,0.0,0.0
2025-05-12,76721.59946189285,,105302.95999999999,0.0,0.0,0.0
2025-05-19,79780.79051570354,,107748.93,0.0,0.0,0.0
2025-05-26,80135.9909641332,,107354.76999999999,0.0,0.0,0.0
2025-06-02,80135.9909641332,,105739.73999999999,0.0,0.0,0.0
2025-06-09,80881.69148094789,,105708.405,0.0,0.0,0.0
2025-06-16,80881.69148094789,,103341.685,0.0,0.0,0.0
2025-06-23,80881.69148094789,,104709.05,0.0,0.0,0.0
2025-06-30,82466.56749461104,,108824.62,0.0,0.0,0.0
2025-07-07,87026.41374514994,,114167.515,0.0,0.0,0.0
2025-07-14,93420.92737063493,,118191.725,0.0,0.0,0.0
2025-07-21,93420.92737063493,,118381.775,0.0,0.0,0.0
2025-07-28,93420.92737063493,,116892.56,0.0,0.0,0.0
2025-08-04,93420.92737063493,,116794.07,0.0,0.0,0.0
2025-08-11,96293.59326237359,,118404.95999999999,0.0,0.0,0.0
2025-08-18,96293.59326237359,,115504.625,0.0,0.0,0.0
2025-08-25,96293.59326237359,,110917.76000000001,0.0,0.0,0.0
2025-09-01,96293.59326237359,,109730.305,0.0,0.0,0.0
2025-09-08,96293.59326237359,,113276.73999999999,0.0,0.0,0.0
2025-09-15,96293.59326237359,,115357.98499999999,0.0,0.0,0.0
2025-09-22,96293.59326237359,,113775.595,0.0,0.0,0.0
2025-09-29,96293.59326237359,,117876.295,0.0,0.0,0.0
2025-10-06,96293.59326237359,,119323.15,0.0,0.0,0.0
2025-10-13,96293.59326237359,,111919.11,0.0,0.0,0.0
2025-10-20,96293.59326237359,,111622.32,0.0,0.0,0.0
2025-10-27,96293.59326237359,,112563.535,0.0,0.0,0.0
2025-11-03,96293.59326237359,,107653.4,0.0,0.0,0.0
2025-11-10,,130735.46391347959,99502.775,0.0,1.0,1.0
2025-11-17,,120327.97252213163,90569.475,0.0,0.0,0.0
2025-11-24,,120327.97252213163,88618.15,0.0,0.0,0.0
2025-12-01,,120188.29504292662,90403.54000000001,0.0,0.0,0.0
2025-12-08,,120188.29504292662,89294.5,0.0,0.0,0.0
2025-12-15,,116295.55888477057,88416.065,0.0,0.0,0.0
2025-12-22,,115725.1439962935,88282.39499999999,0.0,0.0,0.0
2025-12-29,,115294.58159666415,89699.65,0.0,0.0,0.0
2026-01-05,,115294.58159666415,91191.855,0.0,0.0,0.0
2026-01-12,,115294.58159666415,92268.965,0.0,0.0,0.0
2026-01-19,,115294.58159666415,91620.495,0.0,0.0,0.0
