date,value1,value2,value3,value4,value5,value6,value7,value8
2009-10-05,0.0,60.0,-60.0,53.0,-53.0,,,
2009-10-12,0.0,60.0,-60.0,53.0,-53.0,,,
2009-10-19,0.0,60.0,-60.0,53.0,-53.0,,,
2009-10-26,0.0,60.0,-60.0,53.0,-53.0,,,
2009-11-02,0.0,60.0,-60.0,53.0,-53.0,,,
2009-11-09,0.0,60.0,-60.0,53.0,-53.0,,,
2009-11-16,0.0,60.0,-60.0,53.0,-53.0,,,
2009-11-23,0.0,60.0,-60.0,53.0,-53.0,,,
2009-11-30,0.0,60.0,-60.0,53.0,-53.0,,,
2009-12-07,0.0,60.0,-60.0,53.0,-53.0,,,
2009-12-14,0.0,60.0,-60.0,53.0,-53.0,,,
2009-12-21,0.0,60.0,-60.0,53.0,-53.0,,,
2009-12-28,0.0,60.0,-60.0,53.0,-53.0,,,
2010-01-04,0.0,60.0,-60.0,53.0,-53.0,,,
2010-01-11,0.0,60.0,-60.0,53.0,-53.0,,,
2010-01-18,0.0,60.0,-60.0,53.0,-53.0,,,
2010-01-25,0.0,60.0,-60.0,53.0,-53.0,,,
2010-02-01,0.0,60.0,-60.0,53.0,-53.0,,,
2010-02-08,0.0,60.0,-60.0,53.0,-53.0,,,
2010-02-15,0.0,60.0,-60.0,53.0,-53.0,,,
2010-02-22,0.0,60.0,-60.0,53.0,-53.0,,,
2010-03-01,0.0,60.0,-60.0,53.0,-53.0,,,
2010-04-19,0.0,60.0,-60.0,53.0,-53.0,,,
2010-04-26,0.0,60.0,-60.0,53.0,-53.0,,,
2010-05-03,0.0,60.0,-60.0,53.0,-53.0,,,
2010-05-10,0.0,60.0,-60.0,53.0,-53.0,,,
2010-05-17,0.0,60.0,-60.0,53.0,-53.0,,,
2010-05-24,0.0,60.0,-60.0,53.0,-53.0,,,
2010-06-07,0.0,60.0,-60.0,53.0,-53.0,,,
2010-06-14,0.0,60.0,-60.0,53.0,-53.0,,,
2010-06-21,0.0,60.0,-60.0,53.0,-53.0,,,
2010-06-28,0.0,60.0,-60.0,53.0,-53.0,,,
2010-07-05,0.0,60.0,-60.0,53.0,-53.0,,,
2010-07-12,0.0,60.0,-60.0,53.0,-53.0,,,
2010-07-19,0.0,60.0,-60.0,53.0,-53.0,,,
2010-07-26,0.0,60.0,-60.0,53.0,-53.0,,,
2010-08-02,0.0,60.0,-60.0,53.0,-53.0,,,
2010-08-09,0.0,60.0,-60.0,53.0,-53.0,,,
2010-08-16,0.0,60.0,-60.0,53.0,-53.0,86.7337827241294,,
2010-08-23,0.0,60.0,-60.0,53.0,-53.0,83.48484561928613,,
2010-08-30,0.0,60.0,-60.0,53.0,-53.0,77.19597050549999,,
2010-09-06,0.0,60.0,-60.0,53.0,-53.0,73.9550908459435,80.34242242371475,-6.387331577771249
2010-09-13,0.0,60.0,-60.0,53.0,-53.0,79.06222774528491,78.42453367900363,0.6376940662812842
2010-09-20,0.0,60.0,-60.0,53.0,-53.0,72.24385910569745,75.61428705060646,-3.370427944909011
2010-09-27,0.0,60.0,-60.0,53.0,-53.0,65.78320785451129,72.76109638785928,-6.977888533347993
2010-10-04,0.0,60.0,-60.0,53.0,-53.0,66.36005441551502,70.86233728025218,-4.502282864737154
2010-10-11,0.0,60.0,-60.0,53.0,-53.0,70.2373756798921,68.65612426390396,1.5812514159881346
2010-10-18,0.0,60.0,-60.0,53.0,-53.0,78.05113322477091,70.10794279367232,7.943190431098586
2010-10-25,0.0,60.0,-60.0,53.0,-53.0,84.13562136523247,74.69604617135262,9.439575193879847
2010-11-01,0.0,60.0,-60.0,53.0,-53.0,95.82497461241833,82.06227622057845,13.762698391839876
2010-11-08,0.0,60.0,-60.0,53.0,-53.0,96.56751439907991,88.6448109003754,7.922703498704507
2010-11-15,0.0,60.0,-60.0,53.0,-53.0,94.95390490616923,92.87050382072499,2.083401085444237
2010-11-22,0.0,60.0,-60.0,53.0,-53.0,93.17128797461825,95.12942047307143,-1.9581324984531818
2010-11-29,0.0,60.0,-60.0,53.0,-53.0,86.62135521432188,92.82851562354733,-6.207160409225452
2010-12-06,0.0,60.0,-60.0,53.0,-53.0,79.92817802655556,88.66868153041625,-8.740503503860694
2010-12-13,0.0,60.0,-60.0,53.0,-53.0,76.05983455715787,83.94516394316341,-7.885329386005537
2010-12-20,0.0,60.0,-60.0,53.0,-53.0,74.63808321255898,79.3118627526486,-4.673779540089612
2010-12-27,0.0,60.0,-60.0,53.0,-53.0,74.69577506855262,76.33046771620629,-1.6346926476536652
2011-01-03,0.0,60.0,-60.0,53.0,-53.0,75.79530437336022,75.29724930290746,0.4980550704527644
2011-01-10,0.0,60.0,-60.0,53.0,-53.0,79.94097320585563,76.2675339650819,3.6734392407737317
2011-01-17,0.0,60.0,-60.0,53.0,-53.0,81.62450781602512,78.01414011594844,3.6103677000766794
2011-01-24,0.0,60.0,-60.0,53.0,-53.0,83.6760570570412,80.2592106130706,3.4168464439706128
2011-01-31,0.0,60.0,-60.0,53.0,-53.0,92.8980624663292,84.53490013631283,8.363162330016365
2011-02-07,0.0,60.0,-60.0,53.0,-53.0,99.19673011422948,89.3488393634063,9.847890750823183
2011-02-14,0.0,60.0,-60.0,53.0,-53.0,99.16960219801523,93.73511295890381,5.434489239111414
2011-02-21,0.0,60.0,-60.0,53.0,-53.0,97.27061896707288,97.13375343641174,0.13686553066114016
2011-02-28,0.0,60.0,-60.0,53.0,-53.0,94.04017730781632,97.41928214678352,-3.3791048389671943
2011-03-07,0.0,60.0,-60.0,53.0,-53.0,90.23822533044665,95.1796559508378,-4.941430620391145
2011-03-14,0.0,60.0,-60.0,53.0,-53.0,83.66592216177565,91.30373594177792,-7.637813780002261
2011-03-21,0.0,60.0,-60.0,53.0,-53.0,78.73819288942435,86.67062942236578,-7.9324365329414235
2011-03-28,0.0,60.0,-60.0,53.0,-53.0,73.20438356106325,81.46168098567752,-8.257297424614265
2011-04-04,0.0,60.0,-60.0,53.0,-53.0,64.1693590272008,74.94446440986604,-10.775105382665245
2011-04-11,0.0,60.0,-60.0,53.0,-53.0,67.01435309615533,70.78157214346098,-3.7672190473056446
2011-04-18,0.0,60.0,-60.0,53.0,-53.0,77.79886138604967,70.5467392676173,7.252122118432368
2011-04-25,0.0,60.0,-60.0,53.0,-53.0,91.12960598993119,75.02804487483428,16.101561115096914
2011-05-02,0.0,60.0,-60.0,53.0,-53.0,98.4621688763842,83.60124733713013,14.860921539254065
2011-05-09,0.0,60.0,-60.0,53.0,-53.0,107.60868313093741,93.74982984582564,13.858853285111763
2011-05-16,0.0,60.0,-60.0,53.0,-53.0,110.29474977197988,101.8738019423082,8.420947829671675
2011-05-23,0.0,60.0,-60.0,53.0,-53.0,111.43097483362432,106.94914415323149,4.481830680392832
2011-05-30,0.0,60.0,-60.0,53.0,-53.0,116.97677664931886,111.57779609646515,5.398980552853715
2011-06-06,0.0,60.0,-60.0,53.0,-53.0,120.98180993420901,114.92107779728305,6.060732136925964
2011-06-13,0.0,60.0,-60.0,53.0,-53.0,118.93144223452634,117.08025091291967,1.8511913216066773
2011-06-27,0.0,60.0,-60.0,53.0,-53.0,113.53424666512856,117.60606887079572,-4.071822205667161
2011-07-04,0.0,60.0,-60.0,53.0,-53.0,106.03041533830478,114.8694785430422,-8.839063204737428
2011-07-11,0.0,60.0,-60.0,53.0,-53.0,98.60942881498062,109.2763832632351,-10.666954448254486
2011-07-18,0.0,60.0,-60.0,53.0,-53.0,91.64157550955291,102.45391658199175,-10.81234107243884
2011-07-25,0.0,60.0,-60.0,53.0,-53.0,85.13820494299925,95.35490615145943,-10.21670120846018
2011-08-01,0.0,60.0,-60.0,53.0,-53.0,71.42553672091891,86.70368649711297,-15.278149776194056
2011-08-08,0.0,60.0,-60.0,53.0,-53.0,61.235087458350826,77.36010115795553,-16.1250136996047
2011-08-15,0.0,60.0,-60.0,53.0,-53.0,54.79041118088404,68.1473100757883,-13.356898894904255
2011-08-22,0.0,60.0,-60.0,53.0,-53.0,44.954516802577814,58.10138804068294,-13.146871238105128
2011-08-29,0.0,60.0,-60.0,53.0,-53.0,34.782849111755304,48.940716138392034,-14.15786702663673
2011-09-05,0.0,60.0,-60.0,53.0,-53.0,22.608554972472582,39.28408301692247,-16.67552804444989
2011-09-12,0.0,60.0,-60.0,53.0,-53.0,12.507502829802918,28.71335592915219,-16.20585309934927
2011-09-19,0.0,60.0,-60.0,53.0,-53.0,5.276927273504458,18.79395854688385,-13.517031273379391
2011-09-26,0.0,60.0,-60.0,53.0,-53.0,-1.351460351655347,9.76038118103119,-11.111841532686537
2011-10-03,0.0,60.0,-60.0,53.0,-53.0,-7.485385585599676,2.2368960415131225,-9.7222816271128
2011-10-10,0.0,60.0,-60.0,53.0,-53.0,-12.831986550615808,-4.097976303591559,-8.734010247024248
2011-10-17,0.0,60.0,-60.0,53.0,-53.0,-17.99359542549867,-9.91560697834234,-8.077988447156327
2011-10-24,0.0,60.0,-60.0,53.0,-53.0,-21.374760899566652,-14.921432115320167,-6.4533287842464855
2011-10-31,0.0,60.0,-60.0,53.0,-53.0,-24.003807102218527,-19.05103749447488,-4.952769607743647
2011-11-07,0.0,60.0,-60.0,53.0,-53.0,-25.934960879135666,-22.326781076604846,-3.6081798025308203
2011-11-14,0.0,60.0,-60.0,53.0,-53.0,-28.40546138340342,-24.929747566081033,-3.4757138173223865
2011-11-21,0.0,60.0,-60.0,53.0,-53.0,-30.026921828417603,-27.09278779829377,-2.9341340301238326
2011-11-28,0.0,60.0,-60.0,53.0,-53.0,-30.11300648038916,-28.620087642836427,-1.4929188375527325
2011-12-05,0.0,60.0,-60.0,53.0,-53.0,-29.04566909885381,-29.397764697765965,0.3520955989121539
2011-12-12,0.0,60.0,-60.0,53.0,-53.0,-27.923057044439318,-29.277163613024936,1.3541065685856175
2011-12-19,0.0,60.0,-60.0,53.0,-53.0,-23.533579199714783,-27.65382795584923,4.120248756134448
2011-12-26,0.0,60.0,-60.0,53.0,-53.0,-16.13962537384083,-24.160482679212148,8.020857305371319
2012-01-02,0.0,60.0,-60.0,53.0,-53.0,-5.462231035213405,-18.264623163302044,12.80239212808864
2012-01-09,0.0,60.0,-60.0,53.0,-53.0,3.1565685080472434,-10.494716775180404,13.651285283227647
2012-01-16,0.0,60.0,-60.0,53.0,-53.0,7.618085020875704,-2.7068007200327813,10.324885740908485
2012-01-23,0.0,60.0,-60.0,53.0,-53.0,9.541884944208991,3.713576859479673,5.8283080847293185
2012-01-30,0.0,60.0,-60.0,53.0,-53.0,11.695089093020854,8.002906891538238,3.692182201482616
2012-02-06,0.0,60.0,-60.0,53.0,-53.0,12.711689005771625,10.391687015969334,2.320001989802291
2012-02-13,0.0,60.0,-60.0,53.0,-53.0,8.128476622896194,10.519284916474456,-2.390808293578262
2012-02-20,0.0,60.0,-60.0,53.0,-53.0,4.948340217132592,9.370898734705357,-4.422558517572765
2012-02-27,0.0,60.0,-60.0,53.0,-53.0,2.219909948314985,7.002103948528889,-4.782194000213904
2012-03-05,0.0,60.0,-60.0,53.0,-53.0,0.9623459410247717,4.064768182342175,-3.102422241317403
2012-03-12,0.0,60.0,-60.0,53.0,-53.0,2.6897704691691446,2.7050916439104125,-0.015321174741267818
2012-03-19,0.0,60.0,-60.0,53.0,-53.0,-1.0740730621097376,1.1994883240998306,-2.2735613862095683
2012-03-26,0.0,60.0,-60.0,53.0,-53.0,-3.768374156097607,-0.29758270200331727,-3.4707914540942895
2012-04-02,0.0,60.0,-60.0,53.0,-53.0,-5.023809520491463,-1.794121567382376,-3.229687953109087
2012-04-09,0.0,60.0,-60.0,53.0,-53.0,-4.805180479270692,-3.6678593044923353,-1.1373211747783563
2012-04-16,0.0,60.0,-60.0,53.0,-53.0,0.5638915027802458,-3.2583681632698394,3.822259666050085
2012-04-23,0.0,60.0,-60.0,53.0,-53.0,0.9050376606496788,-2.0900152090830177,2.995052869732697
2012-04-30,0.0,60.0,-60.0,53.0,-53.0,2.3294289398318146,-0.2517055940021983,2.581134533834013
2012-05-07,0.0,60.0,-60.0,53.0,-53.0,1.117594444461874,1.2289881369309432,-0.11139369246906927
2012-05-14,0.0,60.0,-60.0,53.0,-53.0,3.2949522044439057,1.911753312346858,1.3831988920970477
2012-05-21,0.0,60.0,-60.0,53.0,-53.0,7.514356956430298,3.5640831362920125,3.9502738201382854
2012-05-28,0.0,60.0,-60.0,53.0,-53.0,12.371362745523307,6.0745665877148465,6.29679615780846
2012-06-04,0.0,60.0,-60.0,53.0,-53.0,22.754764351600926,11.48385906449961,11.270905287101316
2012-06-11,0.0,60.0,-60.0,53.0,-53.0,37.509989327810835,20.037618345341343,17.472370982469492
2012-06-18,0.0,60.0,-60.0,53.0,-53.0,48.02631577752245,30.16560805061438,17.860707726908068
2012-06-25,0.0,60.0,-60.0,53.0,-53.0,54.367637304382136,40.66467669032909,13.702960614053048
2012-07-02,0.0,60.0,-60.0,53.0,-53.0,58.75460317998884,49.664636397426065,9.089966782562776
2012-07-09,0.0,60.0,-60.0,53.0,-53.0,64.90835780730313,56.51422851729914,8.394129290003995
2012-07-16,0.0,60.0,-60.0,53.0,-53.0,71.88759067458217,62.47954724156406,9.408043433018108
2012-07-23,0.0,60.0,-60.0,53.0,-53.0,74.90770099136745,67.6145631633104,7.293137828057056
2012-07-30,0.0,60.0,-60.0,53.0,-53.0,80.50659288419234,73.05256058936126,7.45403229483108
2012-08-06,0.0,60.0,-60.0,53.0,-53.0,84.66582101949851,77.99192639241011,6.673894627088401
2012-08-13,0.0,60.0,-60.0,53.0,-53.0,83.10853951569166,80.79716360268749,2.31137591300417
2012-08-20,0.0,60.0,-60.0,53.0,-53.0,78.97708490735737,81.81450958168496,-2.8374246743275933
2012-08-27,0.0,60.0,-60.0,53.0,-53.0,77.8094828211462,81.14023206592343,-3.3307492447772233
2012-09-03,0.0,60.0,-60.0,53.0,-53.0,76.18932691821084,79.02110854060152,-2.831781622390679
2012-09-10,0.0,60.0,-60.0,53.0,-53.0,76.02198174947101,77.24946909904634,-1.227487349575327
2012-09-17,0.0,60.0,-60.0,53.0,-53.0,76.33232692855036,76.58827960434459,-0.25595267579423364
2012-09-24,0.0,60.0,-60.0,53.0,-53.0,75.60698220866112,76.03765445122332,-0.4306722425621956
2012-10-01,0.0,60.0,-60.0,53.0,-53.0,73.7460272600515,75.42682953668348,-1.6808022766319795
2012-10-08,0.0,60.0,-60.0,53.0,-53.0,69.42631814877876,73.77791363651042,-4.351595487731657
2012-10-15,0.0,60.0,-60.0,53.0,-53.0,65.77241730100481,71.13793622962405,-5.365518928619238
2012-10-22,0.0,60.0,-60.0,53.0,-53.0,58.197908796656186,66.78566787662281,-8.587759079966624
2012-10-29,0.0,60.0,-60.0,53.0,-53.0,51.314701657044466,61.17783647587105,-9.86313481882658
2012-11-05,0.0,60.0,-60.0,53.0,-53.0,45.74488025604955,55.257477002688745,-9.512596746639197
2012-11-12,0.0,60.0,-60.0,53.0,-53.0,44.549152973784246,49.95166092088361,-5.402507947099366
2012-11-19,0.0,60.0,-60.0,53.0,-53.0,48.262190944876366,47.467731457938655,0.7944594869377113
2012-11-26,0.0,60.0,-60.0,53.0,-53.0,50.92564413965659,47.37046707859169,3.555177061064903
2012-12-03,0.0,60.0,-60.0,53.0,-53.0,55.662055690324706,49.849760937160475,5.812294753164231
2012-12-10,0.0,60.0,-60.0,53.0,-53.0,59.14960296501582,53.499873434968364,5.649729530047459
2012-12-17,0.0,60.0,-60.0,53.0,-53.0,59.99161941683436,56.43223055295787,3.5593888638764923
2012-12-24,0.0,60.0,-60.0,53.0,-53.0,60.48692143780269,58.822549877494396,1.6643715603082967
2012-12-31,0.0,60.0,-60.0,53.0,-53.0,59.90624891629175,59.88359818398616,0.02265073230559267
2013-01-07,0.0,60.0,-60.0,53.0,-53.0,61.360360878823656,60.43628766243812,0.924073216385537
2013-01-14,0.0,60.0,-60.0,53.0,-53.0,66.19383598050689,61.98684180335624,4.206994177150648
2013-01-21,0.0,60.0,-60.0,53.0,-53.0,73.65658921735158,65.27925874824346,8.377330469108117
2013-01-28,0.0,60.0,-60.0,53.0,-53.0,80.65677219054857,70.46688956680767,10.1898826237409
2013-02-04,0.0,60.0,-60.0,53.0,-53.0,86.38772383163155,76.72373030500964,9.663993526621908
2013-02-11,0.0,60.0,-60.0,53.0,-53.0,90.58481453893512,82.8214749446167,7.763339594318424
2013-02-18,0.0,60.0,-60.0,53.0,-53.0,94.19178603173316,87.9552741482121,6.236511883521061
2013-02-25,0.0,60.0,-60.0,53.0,-53.0,96.80329851797445,91.99190573006857,4.811392787905888
2013-03-04,0.0,60.0,-60.0,53.0,-53.0,101.11091886010804,95.67270448718769,5.438214372920356
2013-03-11,0.0,60.0,-60.0,53.0,-53.0,101.87197879738166,98.49449555179932,3.37748324558234
2013-03-18,0.0,60.0,-60.0,53.0,-53.0,106.45787211917155,101.56101707365892,4.896855045512638
2013-03-25,0.0,60.0,-60.0,53.0,-53.0,110.82057607476305,105.06533646285607,5.755239611906987
2013-04-01,0.0,60.0,-60.0,53.0,-53.0,117.17158798561316,109.08050374423235,8.091084241380813
2013-04-08,0.0,60.0,-60.0,53.0,-53.0,117.22839500381173,112.91960779583987,4.308787207971861
2013-04-15,0.0,60.0,-60.0,53.0,-53.0,110.60329844046021,113.95596437616203,-3.352665935701822
2013-04-22,0.0,60.0,-60.0,53.0,-53.0,108.9223110866602,113.48139812913631,-4.559087042476108
2013-04-29,0.0,60.0,-60.0,53.0,-53.0,102.6234342697362,109.84435970016708,-7.220925430430881
2013-05-06,0.0,60.0,-60.0,53.0,-53.0,96.19320653701965,104.58556258346904,-8.392356046449393
2013-05-13,0.0,60.0,-60.0,53.0,-53.0,90.91381984201138,99.66319293385683,-8.749373091845456
2013-05-20,0.0,60.0,-60.0,53.0,-53.0,88.03130178602149,94.44044060869717,-6.409138822675686
2013-05-27,0.0,60.0,-60.0,53.0,-53.0,83.66021018113139,89.69963458654597,-6.039424405414579
2013-06-03,0.0,60.0,-60.0,53.0,-53.0,74.57504258650991,84.29509359891853,-9.720051012408618
2013-06-10,0.0,60.0,-60.0,53.0,-53.0,65.90239153678654,78.04223652261231,-12.139844985825775
2013-06-17,0.0,60.0,-60.0,53.0,-53.0,59.74192143160291,70.96989143400768,-11.227970002404767
2013-06-24,0.0,60.0,-60.0,53.0,-53.0,51.30605595076027,62.881352876414894,-11.575296925654627
2013-07-01,0.0,60.0,-60.0,53.0,-53.0,37.6597437468343,53.65252816649599,-15.992784419661689
2013-07-08,0.0,60.0,-60.0,53.0,-53.0,30.134311343995826,44.710508118298314,-14.576196774302488
2013-07-15,0.0,60.0,-60.0,53.0,-53.0,24.85684469176566,35.98923893333901,-11.132394241573351
2013-07-22,0.0,60.0,-60.0,53.0,-53.0,21.60775110958297,28.564662723044684,-6.956911613461713
2013-07-29,0.0,60.0,-60.0,53.0,-53.0,23.38483936507862,24.99593662760576,-1.6110972625271422
2013-08-05,0.0,60.0,-60.0,53.0,-53.0,24.35918229040283,23.552154364207514,0.8070279261953175
2013-08-12,0.0,60.0,-60.0,53.0,-53.0,28.239732319287224,24.397876271087902,3.841856048199322
2013-08-19,0.0,60.0,-60.0,53.0,-53.0,34.80096666256517,27.696180159333455,7.104786503231718
2013-08-26,0.0,60.0,-60.0,53.0,-53.0,44.51847413965814,32.97958885297834,11.5388852866798
2013-09-02,0.0,60.0,-60.0,53.0,-53.0,48.153985917369596,38.92828975972002,9.225696157649573
2013-09-09,0.0,60.0,-60.0,53.0,-53.0,51.13486036304153,44.6520717706586,6.482788592382931
2013-09-16,0.0,60.0,-60.0,53.0,-53.0,52.42066312351708,49.056995885896576,3.363667237620504
2013-09-23,0.0,60.0,-60.0,53.0,-53.0,54.11466824312401,51.456044411763045,2.6586238313609627
2013-09-30,0.0,60.0,-60.0,53.0,-53.0,51.4703188321675,52.28512764046252,-0.8148088082950196
2013-10-07,0.0,60.0,-60.0,53.0,-53.0,53.39654494536082,52.850548786042346,0.5459961593184772
2013-10-14,0.0,60.0,-60.0,53.0,-53.0,61.70332323405467,55.171213813676744,6.532109420377928
2013-10-21,0.0,60.0,-60.0,53.0,-53.0,69.91957983571206,59.122441711823754,10.797138123888303
2013-10-28,0.0,60.0,-60.0,53.0,-53.0,74.7372039184569,64.9391629833961,9.798040935060797
2013-11-04,0.0,60.0,-60.0,53.0,-53.0,84.18526582190862,72.63634320253306,11.54892261937556
2013-11-11,0.0,60.0,-60.0,53.0,-53.0,93.52789017623094,80.59248493807712,12.93540523815382
2013-11-18,0.0,60.0,-60.0,53.0,-53.0,102.43427536874066,88.72115882133427,13.713116547406386
2013-11-25,0.0,60.0,-60.0,53.0,-53.0,108.95360748163422,97.2752597121286,11.67834776950562
2013-12-02,0.0,60.0,-60.0,53.0,-53.0,107.95324213097756,103.21725378939584,4.7359883415817166
2013-12-09,0.0,60.0,-60.0,53.0,-53.0,105.97116894846802,106.32807348245511,-0.3569045339870911
2013-12-16,0.0,60.0,-60.0,53.0,-53.0,97.95266344504842,105.20767050153205,-7.255007056483635
2013-12-23,0.0,60.0,-60.0,53.0,-53.0,91.42025047460345,100.82433124977436,-9.404080775170911
2013-12-30,0.0,60.0,-60.0,53.0,-53.0,88.97934960523298,96.08085811833821,-7.10150851310523
2014-01-06,0.0,60.0,-60.0,53.0,-53.0,86.09070973463503,91.11074331487998,-5.020033580244956
2014-01-13,0.0,60.0,-60.0,53.0,-53.0,81.60070884877824,87.02275466581243,-5.4220458170341885
2014-01-20,0.0,60.0,-60.0,53.0,-53.0,76.94914663548658,83.40497870603322,-6.455832070546634
2014-01-27,0.0,60.0,-60.0,53.0,-53.0,71.85817210247853,79.12468433034459,-7.266512227866059
2014-02-03,0.0,60.0,-60.0,53.0,-53.0,63.775214751870415,73.54581058465344,-9.770595832783023
2014-02-10,0.0,60.0,-60.0,53.0,-53.0,51.6271877143554,66.05243030104774,-14.425242586692335
2014-02-17,0.0,60.0,-60.0,53.0,-53.0,41.65714751476522,57.229430520867396,-15.572283006102175
2014-02-24,0.0,60.0,-60.0,53.0,-53.0,30.497377371164337,46.889231838038846,-16.39185446687451
2014-03-03,0.0,60.0,-60.0,53.0,-53.0,26.49504856943541,37.56919029243009,-11.074141722994682
2014-03-10,0.0,60.0,-60.0,53.0,-53.0,22.37439163216383,30.255991271882205,-7.881599639718374
2014-03-17,0.0,60.0,-60.0,53.0,-53.0,15.713385745131337,23.770050829473732,-8.056665084342395
2014-03-24,0.0,60.0,-60.0,53.0,-53.0,6.04199493463272,17.65620522034083,-11.61421028570811
2014-03-31,0.0,60.0,-60.0,53.0,-53.0,-2.5627077887343894,10.391766130798377,-12.954473919532767
2014-04-07,0.0,60.0,-60.0,53.0,-53.0,-10.990893688490514,2.0504448006347915,-13.041338489125305
2014-04-14,0.0,60.0,-60.0,53.0,-53.0,-13.619955944123731,-5.282890621678975,-8.337065322444756
2014-04-21,0.0,60.0,-60.0,53.0,-53.0,-16.993534586713505,-11.041773002015532,-5.951761584697973
2014-04-28,0.0,60.0,-60.0,53.0,-53.0,-20.36282348236857,-15.491801925424078,-4.871021556944491
2014-05-05,0.0,60.0,-60.0,53.0,-53.0,-22.87672141705445,-18.46325885756506,-4.413462559489393
2014-05-12,0.0,60.0,-60.0,53.0,-53.0,-24.35985201883633,-21.14823287624321,-3.211619142593122
2014-05-19,0.0,60.0,-60.0,53.0,-53.0,-18.745915758004433,-21.586328169065943,2.8404124110615108
2014-05-26,0.0,60.0,-60.0,53.0,-53.0,-8.819689455083848,-18.700544662244763,9.880855207160915
2014-06-02,0.0,60.0,-60.0,53.0,-53.0,0.24616417550170766,-12.919823264105723,13.16598743960743
2014-06-09,0.0,60.0,-60.0,53.0,-53.0,3.7788116645937526,-5.885157343248203,9.663969007841956
2014-06-16,0.0,60.0,-60.0,53.0,-53.0,7.024787460082948,0.5575184612736406,6.467268998809307
2014-06-23,0.0,60.0,-60.0,53.0,-53.0,8.73843926047039,4.9470506401622,3.79138862030819
2014-06-30,0.0,60.0,-60.0,53.0,-53.0,13.59484381927641,8.284220551105875,5.310623268170534
2014-07-07,0.0,60.0,-60.0,53.0,-53.0,16.675706484361516,11.508444256047817,5.1672622283136995
2014-07-14,0.0,60.0,-60.0,53.0,-53.0,18.635439944265357,14.411107377093419,4.224332567171938
2014-07-21,0.0,60.0,-60.0,53.0,-53.0,17.84953508976036,16.68888133441591,1.1606537553444483
2014-07-28,0.0,60.0,-60.0,53.0,-53.0,14.697595579919852,16.96456927457677,-2.266973694656919
2014-08-04,0.0,60.0,-60.0,53.0,-53.0,12.343048648728203,15.881404815668443,-3.5383561669402397
2014-08-11,0.0,60.0,-60.0,53.0,-53.0,0.49252123742471454,11.345675138958283,-10.853153901533569
2014-08-18,0.0,60.0,-60.0,53.0,-53.0,-9.096801932271735,4.609090883450261,-13.705892815721995
2014-08-25,0.0,60.0,-60.0,53.0,-53.0,-16.155345416649183,-3.1041443656919987,-13.051201050957184
2014-09-01,0.0,60.0,-60.0,53.0,-53.0,-21.80839200326672,-11.64200452869073,-10.166387474575991
2014-09-08,0.0,60.0,-60.0,53.0,-53.0,-26.163265358210825,-18.305951177599617,-7.857314180611208
2014-09-15,0.0,60.0,-60.0,53.0,-53.0,-33.377867167853886,-24.376217486495154,-9.001649681358732
2014-09-22,0.0,60.0,-60.0,53.0,-53.0,-39.30337107874058,-30.163223902018004,-9.140147176722579
2014-09-29,0.0,60.0,-60.0,53.0,-53.0,-46.25843096671704,-36.27573364288058,-9.982697323836462
2014-10-06,0.0,60.0,-60.0,53.0,-53.0,-48.844714818784574,-41.94609600802402,-6.898618810760553
2014-10-13,0.0,60.0,-60.0,53.0,-53.0,-47.96861950276091,-45.59378409175078,-2.3748354110101317
2014-10-20,0.0,60.0,-60.0,53.0,-53.0,-48.750335672965626,-47.95552524030704,-0.7948104326585863
2014-10-27,0.0,60.0,-60.0,53.0,-53.0,-50.59842621714018,-49.040524052912815,-1.5579021642273645
2014-11-03,0.0,60.0,-60.0,53.0,-53.0,-50.20450116625863,-49.38047063978133,-0.8240305264773014
2014-11-10,0.0,60.0,-60.0,53.0,-53.0,-44.28963076276571,-48.460723454782524,4.171092692016813
2014-11-17,0.0,60.0,-60.0,53.0,-53.0,-42.54784048201412,-46.910099657044654,4.3622591750305375
2014-11-24,0.0,60.0,-60.0,53.0,-53.0,-40.418017391455045,-44.36499745062336,3.946980059168318
2014-12-01,0.0,60.0,-60.0,53.0,-53.0,-38.49204688218005,-41.43688387960373,2.9448369974236783
2014-12-08,0.0,60.0,-60.0,53.0,-53.0,-39.58792923363928,-40.261458497322124,0.6735292636828447
2014-12-15,0.0,60.0,-60.0,53.0,-53.0,-43.70227821486473,-40.55006793053477,-3.1522102843299535
2014-12-22,0.0,60.0,-60.0,53.0,-53.0,-46.47077271172392,-42.06325676060199,-4.40751595112193
2014-12-29,0.0,60.0,-60.0,53.0,-53.0,-51.87063209575012,-45.4079030639945,-6.4627290317556145
2015-01-05,0.0,60.0,-60.0,53.0,-53.0,-54.846565364630976,-49.22256209674243,-5.624003267888547
2015-01-12,0.0,60.0,-60.0,53.0,-53.0,-60.64797522294398,-53.45898634876224,-7.188988874181739
2015-01-19,0.0,60.0,-60.0,53.0,-53.0,-61.79365772972029,-57.289707603261334,-4.503950126458953
2015-01-26,0.0,60.0,-60.0,53.0,-53.0,-60.8038177082121,-59.52300400637684,-1.2808137018352639
2015-02-02,0.0,60.0,-60.0,53.0,-53.0,-61.29521124163501,-61.13516547562784,-0.16004576600716547
2015-02-09,0.0,60.0,-60.0,53.0,-53.0,-59.7874835428147,-60.92004255559553,1.1325590127808312
2015-02-16,0.0,60.0,-60.0,53.0,-53.0,-58.11648471416257,-60.000749301706094,1.8842645875435267
2015-02-23,0.0,60.0,-60.0,53.0,-53.0,-54.37594904378075,-58.39378213559826,4.017833091817508
2015-03-02,0.0,60.0,-60.0,53.0,-53.0,-47.595222898462815,-54.96878504980521,7.373562151342398
2015-03-09,0.0,60.0,-60.0,53.0,-53.0,-39.62428147975706,-49.92798453404081,10.303703054283751
2015-03-16,0.0,60.0,-60.0,53.0,-53.0,-35.987419615522214,-44.39571825938072,8.408298643858508
2015-03-23,0.0,60.0,-60.0,53.0,-53.0,-36.96458505046207,-40.04287726105105,3.078292210588984
2015-03-30,0.0,60.0,-60.0,53.0,-53.0,-36.820040459996775,-37.34908165143454,0.5290411914377628
2015-04-06,0.0,60.0,-60.0,53.0,-53.0,-38.487704885656356,-37.064937502909366,-1.42276738274699
2015-04-13,0.0,60.0,-60.0,53.0,-53.0,-42.83086934095583,-38.775799934267766,-4.055069406688062
2015-04-20,0.0,60.0,-60.0,53.0,-53.0,-45.50168215927365,-40.910074211470665,-4.591607947802984
2015-04-27,0.0,60.0,-60.0,53.0,-53.0,-44.83084441406685,-42.91277519998819,-1.9180692140786633
2015-05-04,0.0,60.0,-60.0,53.0,-53.0,-42.73176129325546,-43.97378930188796,1.2420280086325022
2015-05-11,0.0,60.0,-60.0,53.0,-53.0,-40.976550819944336,-43.51020967163509,2.5336588516907526
2015-05-18,0.0,60.0,-60.0,53.0,-53.0,-39.344509257546896,-41.970916446203404,2.6264071886565077
2015-05-25,0.0,60.0,-60.0,53.0,-53.0,-39.72466341782139,-40.69437119714203,0.9697077793206432
2015-06-01,0.0,60.0,-60.0,53.0,-53.0,-42.324836944392636,-40.59264010992633,-1.7321968344663077
2015-06-08,0.0,60.0,-60.0,53.0,-53.0,-41.46804482905148,-40.71551361220312,-0.7525312168483609
2015-06-15,0.0,60.0,-60.0,53.0,-53.0,-33.43461288800317,-39.238039519817185,5.803426631814013
2015-06-22,0.0,60.0,-60.0,53.0,-53.0,-26.166142300814435,-35.848409240565445,9.68226693975101
2015-06-29,0.0,60.0,-60.0,53.0,-53.0,-13.139818163508176,-28.552154545344333,15.412336381836157
2015-07-06,0.0,60.0,-60.0,53.0,-53.0,2.7666301538285367,-17.493485799624327,20.260115953452864
2015-07-13,0.0,60.0,-60.0,53.0,-53.0,10.881605841918757,-6.414431117143845,17.296036959062604
2015-07-20,0.0,60.0,-60.0,53.0,-53.0,16.71614260207332,4.306140108578109,12.41000249349521
2015-07-27,0.0,60.0,-60.0,53.0,-53.0,20.61644821102527,12.74520670221147,7.871241508813798
2015-08-03,0.0,60.0,-60.0,53.0,-53.0,19.516927438936925,16.93278102348857,2.5841464154483553
2015-08-10,0.0,60.0,-60.0,53.0,-53.0,15.766815493062852,18.154083436274593,-2.387267943211741
2015-08-17,0.0,60.0,-60.0,53.0,-53.0,1.2205664270616339,14.280189392521672,-13.059622965460038
2015-08-24,0.0,60.0,-60.0,53.0,-53.0,-7.592830712765776,7.22786966157391,-14.820700374339687
2015-08-31,0.0,60.0,-60.0,53.0,-53.0,-10.459129888376424,-0.2661446702544268,-10.192985218121997
2015-09-07,0.0,60.0,-60.0,53.0,-53.0,-13.32221253681282,-7.5384016777233445,-5.783810859089476
2015-09-14,0.0,60.0,-60.0,53.0,-53.0,-16.578782594294903,-11.98823893306248,-4.590543661232424
2015-09-21,0.0,60.0,-60.0,53.0,-53.0,-19.047569252672112,-14.851923568039062,-4.19564568463305
2015-09-28,0.0,60.0,-60.0,53.0,-53.0,-18.768106002405826,-16.929167596546414,-1.8389384058594125
2015-10-05,0.0,60.0,-60.0,53.0,-53.0,-15.72416322311805,-17.52965526812272,1.8054920450046712
2015-10-12,0.0,60.0,-60.0,53.0,-53.0,-6.394614770294444,-14.983613312122605,8.588998541828161
2015-10-19,0.0,60.0,-60.0,53.0,-53.0,5.714977143658555,-8.792976713039938,14.507953856698492
2015-10-26,0.0,60.0,-60.0,53.0,-53.0,19.619131478822563,0.8038326572671588,18.815298821555405
2015-11-02,0.0,60.0,-60.0,53.0,-53.0,35.56569452484503,13.626297094257929,21.9393974305871
2015-11-09,0.0,60.0,-60.0,53.0,-53.0,38.46841445388535,24.842054400302878,13.626360053582474
2015-11-16,0.0,60.0,-60.0,53.0,-53.0,38.862130378935156,33.128842709122026,5.73328766981313
2015-11-23,0.0,60.0,-60.0,53.0,-53.0,42.35029696118175,38.81163407971182,3.538662881469925
2015-11-30,0.0,60.0,-60.0,53.0,-53.0,46.94345027677874,41.656073017695256,5.287377259083485
2015-12-07,0.0,60.0,-60.0,53.0,-53.0,53.40223528332252,45.38952822505455,8.01270705826797
2015-12-14,0.0,60.0,-60.0,53.0,-53.0,57.72171280217858,50.1044238308654,7.6172889713131795
2015-12-21,0.0,60.0,-60.0,53.0,-53.0,58.44850210508418,54.128975116841005,4.319526988243176
2015-12-28,0.0,60.0,-60.0,53.0,-53.0,57.922871473978645,56.87383041614098,1.0490410578376625
2016-01-04,0.0,60.0,-60.0,53.0,-53.0,58.550436707009155,58.16088077206265,0.3895559349465074
2016-01-11,0.0,60.0,-60.0,53.0,-53.0,53.25798487309618,57.044948789792045,-3.7869639166958677
2016-01-18,0.0,60.0,-60.0,53.0,-53.0,49.13604694834042,54.7168350006061,-5.580788052265682
2016-01-25,0.0,60.0,-60.0,53.0,-53.0,41.56627279671821,50.627685331291,-9.061412534572789
2016-02-01,0.0,60.0,-60.0,53.0,-53.0,34.99117579136065,44.73787010237887,-9.746694311018224
2016-02-08,0.0,60.0,-60.0,53.0,-53.0,32.938091678408654,39.65789680370699,-6.719805125298336
2016-02-15,0.0,60.0,-60.0,53.0,-53.0,37.32093118057393,36.70411786176537,0.6168133188085605
2016-02-22,0.0,60.0,-60.0,53.0,-53.0,39.94167351538301,36.297968041431574,3.643705473951435
2016-02-29,0.0,60.0,-60.0,53.0,-53.0,38.34087107331622,37.13539186192046,1.2054792113957618
2016-03-07,0.0,60.0,-60.0,53.0,-53.0,36.70726913048952,38.07768622494068,-1.370417094451156
2016-03-14,0.0,60.0,-60.0,53.0,-53.0,34.92554265434595,37.478839093383684,-2.55329643903773
2016-03-21,0.0,60.0,-60.0,53.0,-53.0,36.196780913814194,36.54261594299148,-0.34583502917728737
2016-03-28,0.0,60.0,-60.0,53.0,-53.0,35.8737127095961,35.92582635206145,-0.05211364246535055
2016-04-04,0.0,60.0,-60.0,53.0,-53.0,35.72063039468141,35.67916666810942,0.04146372657199038
2016-04-11,0.0,60.0,-60.0,53.0,-53.0,38.26827588627336,36.51484997609127,1.753425910182088
2016-04-18,0.0,60.0,-60.0,53.0,-53.0,46.15204642798202,39.00366635463323,7.14838007334879
2016-04-25,0.0,60.0,-60.0,53.0,-53.0,50.68370423550542,42.70616423611056,7.977539999394857
2016-05-02,0.0,60.0,-60.0,53.0,-53.0,53.264964501029816,47.09224776269766,6.172716738332156
2016-05-09,0.0,60.0,-60.0,53.0,-53.0,54.81267749231608,51.22834816420834,3.584329328107735
2016-05-16,0.0,60.0,-60.0,53.0,-53.0,51.81451533168824,52.643965390134895,-0.8294500584466533
2016-05-23,0.0,60.0,-60.0,53.0,-53.0,62.41484338634859,55.57675017784569,6.8380932085029045
2016-05-30,0.0,60.0,-60.0,53.0,-53.0,71.87545441350085,60.229372655963445,11.646081757537402
2016-06-06,0.0,60.0,-60.0,53.0,-53.0,80.58909418937127,66.67347683022724,13.915617359144022
2016-06-13,0.0,60.0,-60.0,53.0,-53.0,87.92469740903114,75.70102234956296,12.223675059468178
2016-06-20,0.0,60.0,-60.0,53.0,-53.0,86.5812206096236,81.74261665538171,4.83860395424189
2016-06-27,0.0,60.0,-60.0,53.0,-53.0,84.67386863820883,84.94222021155872,-0.26835157334988935
2016-07-04,0.0,60.0,-60.0,53.0,-53.0,81.21259799743434,85.09809616357448,-3.885498166140138
2016-07-11,0.0,60.0,-60.0,53.0,-53.0,78.91468534626893,82.84559314788393,-3.9309078016150067
2016-07-18,0.0,60.0,-60.0,53.0,-53.0,75.78374070213908,80.14622317101279,-4.362482468873708
2016-07-25,0.0,60.0,-60.0,53.0,-53.0,70.38274938919707,76.57344335875985,-6.190693969562773
2016-08-01,0.0,60.0,-60.0,53.0,-53.0,58.97654590544379,71.01443033576223,-12.037884430318435
2016-08-08,0.0,60.0,-60.0,53.0,-53.0,50.44637854784088,63.89735363615521,-13.45097508831433
2016-08-15,0.0,60.0,-60.0,53.0,-53.0,42.57266470233547,55.5945846362043,-13.02191993386883
2016-08-22,0.0,60.0,-60.0,53.0,-53.0,35.92812013681999,46.98092732311004,-11.052807186290046
2016-08-29,0.0,60.0,-60.0,53.0,-53.0,32.86234170569084,40.4523762731718,-7.590034567480963
2016-09-05,0.0,60.0,-60.0,53.0,-53.0,32.30925530874853,35.918095463398714,-3.6088401546501814
2016-09-12,0.0,60.0,-60.0,53.0,-53.0,31.37881409771484,33.11963281224356,-1.740818714528718
2016-09-19,0.0,60.0,-60.0,53.0,-53.0,28.782327886737264,31.33318474972288,-2.550856862985615
2016-09-26,0.0,60.0,-60.0,53.0,-53.0,28.306070113505317,30.194116851676494,-1.8880467381711767
2016-10-03,0.0,60.0,-60.0,53.0,-53.0,29.265029242891668,29.43306033521228,-0.16803109232061075
2016-10-10,0.0,60.0,-60.0,53.0,-53.0,34.31556349742018,30.167247685138612,4.148315812281567
2016-10-17,0.0,60.0,-60.0,53.0,-53.0,40.08247246774175,32.99228383038974,7.090188637352014
2016-10-24,0.0,60.0,-60.0,53.0,-53.0,49.46021475682665,38.28081999122007,11.179394765606581
2016-10-31,0.0,60.0,-60.0,53.0,-53.0,56.67302981247742,45.132820133616505,11.540209678860911
2016-11-07,0.0,60.0,-60.0,53.0,-53.0,60.08510241253459,51.575204862395104,8.509897550139485
2016-11-14,0.0,60.0,-60.0,53.0,-53.0,63.07587187449007,57.323554714082185,5.752317160407884
2016-11-21,0.0,60.0,-60.0,53.0,-53.0,64.74528815907608,61.14482306464454,3.6004650944315415
2016-11-28,0.0,60.0,-60.0,53.0,-53.0,66.8520684707608,63.68958272921539,3.16248574154541
2016-12-05,0.0,60.0,-60.0,53.0,-53.0,67.77549578968684,65.61218107350345,2.163314716183393
2016-12-12,0.0,60.0,-60.0,53.0,-53.0,68.98677922150563,67.08990791025734,1.8968713112482902
2016-12-19,0.0,60.0,-60.0,53.0,-53.0,74.08236084585849,69.42417608195294,4.6581847639055525
2016-12-26,0.0,60.0,-60.0,53.0,-53.0,80.018661412079,72.71582431728248,7.302837094796516
2017-01-02,0.0,60.0,-60.0,53.0,-53.0,81.83711588913408,76.2312293421443,5.60588654698978
2017-01-09,0.0,60.0,-60.0,53.0,-53.0,75.26274537305534,77.80022088003173,-2.537475506976392
2017-01-16,0.0,60.0,-60.0,53.0,-53.0,73.28259939181966,77.60028051652202,-4.317681124702361
2017-01-23,0.0,60.0,-60.0,53.0,-53.0,71.56713059936494,75.4873978133435,-3.920267213978562
2017-01-30,0.0,60.0,-60.0,53.0,-53.0,73.7277598621572,73.46005880659928,0.26770105555792156
2017-02-06,0.0,60.0,-60.0,53.0,-53.0,74.56912556502051,73.28665385459058,1.282471710429931
2017-02-13,0.0,60.0,-60.0,53.0,-53.0,75.33806846824972,73.80052112369809,1.5375473445516263
2017-02-20,0.0,60.0,-60.0,53.0,-53.0,78.82106872235111,75.61400565444464,3.207063067906475
2017-02-27,0.0,60.0,-60.0,53.0,-53.0,82.31187787048293,77.76003515652607,4.551842713956859
2017-03-06,0.0,60.0,-60.0,53.0,-53.0,81.06723598512895,79.38456276155317,1.682673223575776
2017-03-13,0.0,60.0,-60.0,53.0,-53.0,74.90412798835048,79.27607764157835,-4.3719496532278725
2017-03-20,0.0,60.0,-60.0,53.0,-53.0,65.1696100107704,75.86321296368318,-10.693602952912784
2017-03-27,0.0,60.0,-60.0,53.0,-53.0,60.30537348465767,70.36158686722686,-10.05621338256919
2017-04-03,0.0,60.0,-60.0,53.0,-53.0,62.339604786241374,65.67967906750498,-3.340074281263604
2017-04-10,0.0,60.0,-60.0,53.0,-53.0,62.49078524593155,62.576343381900244,-0.08555813596869655
2017-04-17,0.0,60.0,-60.0,53.0,-53.0,64.24804995357515,62.34595336760143,1.902096585973716
2017-04-24,0.0,60.0,-60.0,53.0,-53.0,68.20804018251461,64.32162004206566,3.886420140448948
2017-05-01,0.0,60.0,-60.0,53.0,-53.0,74.83887883074875,67.44643855319251,7.392440277556247
2017-05-08,0.0,60.0,-60.0,53.0,-53.0,81.49147366768808,72.19661065863164,9.294863009056442
2017-05-15,0.0,60.0,-60.0,53.0,-53.0,86.26846231084336,77.7017137479487,8.56674856289466
2017-05-22,0.0,60.0,-60.0,53.0,-53.0,91.10418336851684,83.42574954444926,7.678433824067582
2017-05-29,0.0,60.0,-60.0,53.0,-53.0,93.19617296444638,88.01507307787367,5.18109988657271
2017-06-05,0.0,60.0,-60.0,53.0,-53.0,95.7959815121776,91.59120003899604,4.204781473181569
2017-06-12,0.0,60.0,-60.0,53.0,-53.0,93.1519999923712,93.312084459378,-0.16008446700679713
2017-06-19,0.0,60.0,-60.0,53.0,-53.0,90.21780930513096,93.09049094353153,-2.8726816384005787
2017-06-26,0.0,60.0,-60.0,53.0,-53.0,85.69464264223159,91.21510836297783,-5.520465720746245
2017-07-03,0.0,60.0,-60.0,53.0,-53.0,82.07464955796335,87.78477537442426,-5.710125816460902
2017-07-10,0.0,60.0,-60.0,53.0,-53.0,72.18987391052346,82.54424385396233,-10.354369943438869
2017-07-17,0.0,60.0,-60.0,53.0,-53.0,70.17164881055676,77.53270373031877,-7.361054919762012
2017-07-24,0.0,60.0,-60.0,53.0,-53.0,69.44124075733964,73.46935325909578,-4.028112501756141
2017-07-31,0.0,60.0,-60.0,53.0,-53.0,72.42069898211477,71.05586561513364,1.3648333669811308
2017-08-07,0.0,60.0,-60.0,53.0,-53.0,78.78826019618363,72.70546218654867,6.082798009634956
2017-08-14,0.0,60.0,-60.0,53.0,-53.0,82.66480538983737,75.82875133136884,6.836054058468534
2017-08-21,0.0,60.0,-60.0,53.0,-53.0,83.54218136955922,79.35398648442373,4.188194885135488
2017-08-28,0.0,60.0,-60.0,53.0,-53.0,85.02958341855718,82.50620759353433,2.5233758250228533
2017-09-04,0.0,60.0,-60.0,53.0,-53.0,83.13353616072975,83.59252658467085,-0.4589904239411027
2017-09-11,0.0,60.0,-60.0,53.0,-53.0,76.20491352577942,81.97755361865636,-5.772640092876941
2017-09-18,0.0,60.0,-60.0,53.0,-53.0,70.63924786486544,78.75182024248292,-8.112572377617482
2017-09-25,0.0,60.0,-60.0,53.0,-53.0,68.99674172962146,74.74360982024899,-5.74686809062753
2017-10-02,0.0,60.0,-60.0,53.0,-53.0,69.39694184276708,71.30946124075832,-1.9125193979912467
2017-10-09,0.0,60.0,-60.0,53.0,-53.0,74.39237280189133,70.8563260597863,3.536046742105029
2017-10-16,0.0,60.0,-60.0,53.0,-53.0,77.9348704548641,72.68023170728596,5.2546387475781415
2017-10-23,0.0,60.0,-60.0,53.0,-53.0,79.48802049809184,75.30305139940356,4.184969098688285
2017-10-30,0.0,60.0,-60.0,53.0,-53.0,83.16103880889348,78.74407564093515,4.416963167958329
2017-11-06,0.0,60.0,-60.0,53.0,-53.0,81.71923485508309,80.57579115423309,1.1434437008499998
2017-11-13,0.0,60.0,-60.0,53.0,-53.0,82.7147710452044,81.77076630181816,0.9440047433862446
2017-11-20,0.0,60.0,-60.0,53.0,-53.0,86.25656911305802,83.46290345555971,2.793665657498309
2017-11-27,0.0,60.0,-60.0,53.0,-53.0,90.58807977927619,85.31966369815538,5.2684160811208045
2017-12-04,0.0,60.0,-60.0,53.0,-53.0,96.50176060220433,89.0152951349357,7.48646546726863
2017-12-11,0.0,60.0,-60.0,53.0,-53.0,101.16405646279665,93.62761648933376,7.53643997346289
2017-12-18,0.0,60.0,-60.0,53.0,-53.0,98.3323909530708,96.64657194933696,1.6858190037338403
2017-12-25,0.0,60.0,-60.0,53.0,-53.0,94.11653398129985,97.52868549984287,-3.4121515185430127
2018-01-01,0.0,60.0,-60.0,53.0,-53.0,91.24500891737532,96.21449757863562,-4.9694886612603
2018-01-08,0.0,60.0,-60.0,53.0,-53.0,86.15197406826599,92.46147698000294,-6.309502911736956
2018-01-15,0.0,60.0,-60.0,53.0,-53.0,76.50799621779339,87.0053782961836,-10.497382078390203
2018-01-22,0.0,60.0,-60.0,53.0,-53.0,66.79269518131636,80.17441859618772,-13.38172341487136
2018-01-29,0.0,60.0,-60.0,53.0,-53.0,54.30031549525257,70.93824524065703,-16.637929745404456
2018-02-05,0.0,60.0,-60.0,53.0,-53.0,41.56735263509991,59.7920898823655,-18.224737247265594
2018-02-12,0.0,60.0,-60.0,53.0,-53.0,35.52064785950437,49.545252792793256,-14.024604933288884
2018-02-19,0.0,60.0,-60.0,53.0,-53.0,30.89320426371256,40.57038006339231,-9.677175799679748
2018-02-26,0.0,60.0,-60.0,53.0,-53.0,28.508031835417167,34.12230914843345,-5.614277313016284
2018-03-05,0.0,60.0,-60.0,53.0,-53.0,23.013080388127733,29.48374108669041,-6.4706606985626784
2018-03-12,0.0,60.0,-60.0,53.0,-53.0,13.912425672200765,24.08168553986451,-10.169259867663744
2018-03-19,0.0,60.0,-60.0,53.0,-53.0,7.177978056922899,18.152878988167096,-10.974900931244196
2018-03-26,0.0,60.0,-60.0,53.0,-53.0,-1.7981829509496867,10.576325291575381,-12.374508242525067
2018-04-02,0.0,60.0,-60.0,53.0,-53.0,-8.868154673654558,2.6060165261298547,-11.474171199784413
2018-04-09,0.0,60.0,-60.0,53.0,-53.0,-11.902944555130713,-3.847826030703013,-8.0551185244277
2018-04-16,0.0,60.0,-60.0,53.0,-53.0,-11.596107286412883,-8.54134736653696,-3.054759919875922
2018-04-23,0.0,60.0,-60.0,53.0,-53.0,-8.102476658248147,-10.117420793361575,2.014944135113428
2018-04-30,0.0,60.0,-60.0,53.0,-53.0,-4.184425532573949,-8.946488508091422,4.762062975517473
2018-05-07,0.0,60.0,-60.0,53.0,-53.0,-4.310204178167481,-7.048303413850615,2.7380992356831335
2018-05-14,0.0,60.0,-60.0,53.0,-53.0,-7.002013434283574,-5.899779950818288,-1.1022334834652865
2018-05-21,0.0,60.0,-60.0,53.0,-53.0,-13.41335807931041,-7.227500306083854,-6.185857773226555
2018-05-28,0.0,60.0,-60.0,53.0,-53.0,-19.035712273385656,-10.940321991286782,-8.095390282098874
2018-06-04,0.0,60.0,-60.0,53.0,-53.0,-25.17203642830682,-16.155780053821616,-9.016256374485206
2018-06-11,0.0,60.0,-60.0,53.0,-53.0,-31.593938876664616,-22.30376141441688,-9.290177462247737
2018-06-18,0.0,60.0,-60.0,53.0,-53.0,-36.58584201694091,-28.096882398824505,-8.488959618116404
2018-06-25,0.0,60.0,-60.0,53.0,-53.0,-39.72558592061964,-33.269350810633,-6.456235109986643
2018-07-02,0.0,60.0,-60.0,53.0,-53.0,-39.85715044388058,-36.94062931452644,-2.9165211293541375
2018-07-09,0.0,60.0,-60.0,53.0,-53.0,-40.56388222768505,-39.183115152281545,-1.3807670754035044
2018-07-16,0.0,60.0,-60.0,53.0,-53.0,-36.31621250753,-39.115707774928815,2.799495267398818
2018-07-23,0.0,60.0,-60.0,53.0,-53.0,-26.73218638698706,-35.86735789152067,9.13517150453361
2018-07-30,0.0,60.0,-60.0,53.0,-53.0,-23.098905352735336,-31.677796618734362,8.578891265999026
2018-08-06,0.0,60.0,-60.0,53.0,-53.0,-27.022823287708103,-28.29253188374013,1.2697085960320251
2018-08-13,0.0,60.0,-60.0,53.0,-53.0,-30.688562605041426,-26.885619408117982,-3.8029431969234437
2018-08-20,0.0,60.0,-60.0,53.0,-53.0,-31.07835744762931,-27.97216217327854,-3.1061952743507675
2018-08-27,0.0,60.0,-60.0,53.0,-53.0,-26.53901904877392,-28.83219059728819,2.2931715485142696
2018-09-03,0.0,60.0,-60.0,53.0,-53.0,-27.640959676932262,-28.98672469459423,1.345765017661968
2018-09-10,0.0,60.0,-60.0,53.0,-53.0,-30.33375584903264,-28.898023005592034,-1.4357328434406078
2018-09-17,0.0,60.0,-60.0,53.0,-53.0,-31.08528856251153,-28.89975578431259,-2.18553277819894
2018-09-24,0.0,60.0,-60.0,53.0,-53.0,-31.175593294845015,-30.058899345830362,-1.1166939490146532
2018-10-01,0.0,60.0,-60.0,53.0,-53.0,-31.219328696981343,-30.953491600842632,-0.26583709613871065
2018-10-08,0.0,60.0,-60.0,53.0,-53.0,-34.17512470973199,-31.913833816017465,-2.2612908937145235
2018-10-15,0.0,60.0,-60.0,53.0,-53.0,-33.81335090101552,-32.595849400643466,-1.2175015003720517
2018-10-22,0.0,60.0,-60.0,53.0,-53.0,-33.994921744050366,-33.300681512944806,-0.6942402311055602
2018-10-29,0.0,60.0,-60.0,53.0,-53.0,-34.74025524689016,-34.18091315042201,-0.5593420964681499
2018-11-05,0.0,60.0,-60.0,53.0,-53.0,-34.43582552129518,-34.24608835331281,-0.18973716798237206
2018-11-12,0.0,60.0,-60.0,53.0,-53.0,-44.50004079985649,-36.91776082802305,-7.582279971833444
2018-11-19,0.0,60.0,-60.0,53.0,-53.0,-59.049295662031284,-43.181354307518276,-15.867941354513007
2018-11-26,0.0,60.0,-60.0,53.0,-53.0,-66.948129895611,-51.23332296969849,-15.714806925912512
2018-12-03,0.0,60.0,-60.0,53.0,-53.0,-71.89593936594571,-60.59835143086112,-11.297587935084586
2018-12-10,0.0,60.0,-60.0,53.0,-53.0,-74.79894515260199,-68.1730775190475,-6.625867633554492
2018-12-17,0.0,60.0,-60.0,53.0,-53.0,-73.57813385753121,-71.80528706792248,-1.7728467896087352
2018-12-24,0.0,60.0,-60.0,53.0,-53.0,-71.17003187801362,-72.86076256352314,1.6907306855095214
2018-12-31,0.0,60.0,-60.0,53.0,-53.0,-68.30087219887753,-71.96199577175608,3.6611235728785516
2019-01-07,0.0,60.0,-60.0,53.0,-53.0,-66.55625003945075,-69.90132199346827,3.345071954017527
2019-01-14,0.0,60.0,-60.0,53.0,-53.0,-64.93447827620159,-67.74040809813587,2.805929821934285
2019-01-21,0.0,60.0,-60.0,53.0,-53.0,-63.34869995693233,-65.78507511786555,2.436375160933217
2019-01-28,0.0,60.0,-60.0,53.0,-53.0,-62.12001425343425,-64.23986063150473,2.119846378070477
2019-02-04,0.0,60.0,-60.0,53.0,-53.0,-59.500498220597514,-62.47592267679142,2.975424456193906
2019-02-11,0.0,60.0,-60.0,53.0,-53.0,-56.48133500223207,-60.362636858299034,3.881301856066962
2019-02-18,0.0,60.0,-60.0,53.0,-53.0,-51.13144861852411,-57.30832402369698,6.176875405172872
2019-02-25,0.0,60.0,-60.0,53.0,-53.0,-47.12765669763598,-53.56023463474742,6.432577937111439
2019-03-04,0.0,60.0,-60.0,53.0,-53.0,-42.54578265714195,-49.32155574388353,6.77577308674158
2019-03-11,0.0,60.0,-60.0,53.0,-53.0,-36.76547384633547,-44.392590454909374,7.627116608573907
2019-03-18,0.0,60.0,-60.0,53.0,-53.0,-30.642704557988885,-39.270404439775575,8.62769988178669
2019-03-25,0.0,60.0,-60.0,53.0,-53.0,-24.27596067055678,-33.55748043300577,9.28151976244899
2019-04-01,0.0,60.0,-60.0,53.0,-53.0,-7.273951083927276,-24.739522539702104,17.46557145577483
2019-04-08,0.0,60.0,-60.0,53.0,-53.0,6.1602151772112475,-14.008100283815429,20.168315461026676
2019-04-15,0.0,60.0,-60.0,53.0,-53.0,14.982337138872875,-2.6018398595999868,17.584176998472863
2019-04-22,0.0,60.0,-60.0,53.0,-53.0,20.98353174650714,8.713033244665992,12.270498501841148
2019-04-29,0.0,60.0,-60.0,53.0,-53.0,27.524334269844765,17.412604583109,10.111729686735764
2019-05-06,0.0,60.0,-60.0,53.0,-53.0,37.89697782876756,25.346795245998088,12.550182582769473
2019-05-13,0.0,60.0,-60.0,53.0,-53.0,47.27657530637173,33.4203547878728,13.85622051849893
2019-05-20,0.0,60.0,-60.0,53.0,-53.0,54.09728925803783,41.69879416575547,12.39849509228236
2019-05-27,0.0,60.0,-60.0,53.0,-53.0,58.25738233022466,49.382056180850455,8.875326149374203
2019-06-03,0.0,60.0,-60.0,53.0,-53.0,58.14372856480513,54.44374386485984,3.69998469994529
2019-06-10,0.0,60.0,-60.0,53.0,-53.0,59.51575489019883,57.50353876081662,2.0122161293822103
2019-06-17,0.0,60.0,-60.0,53.0,-53.0,64.07733493460194,59.99855017995764,4.078784754644296
2019-06-24,0.0,60.0,-60.0,53.0,-53.0,68.56139598042087,62.57455359250669,5.98684238791418
2019-07-01,0.0,60.0,-60.0,53.0,-53.0,69.06690239172056,65.30534704923555,3.7615553424850106
2019-07-08,0.0,60.0,-60.0,53.0,-53.0,68.7148148377702,67.60511203612839,1.1097028016418164
2019-07-15,0.0,60.0,-60.0,53.0,-53.0,65.19416484024153,67.88431951253828,-2.6901546722967566
2019-07-22,0.0,60.0,-60.0,53.0,-53.0,60.23027004141635,65.80153802778716,-5.571267986370813
2019-07-29,0.0,60.0,-60.0,53.0,-53.0,58.23453580182579,63.093446380313466,-4.858910578487674
2019-08-05,0.0,60.0,-60.0,53.0,-53.0,59.83104015369634,60.872502709295,-1.041462555598656
2019-08-12,0.0,60.0,-60.0,53.0,-53.0,56.03167106221933,58.58187926478945,-2.5502082025701185
2019-08-19,0.0,60.0,-60.0,53.0,-53.0,51.69835417078415,56.4489002971314,-4.750546126347253
2019-08-26,0.0,60.0,-60.0,53.0,-53.0,45.567134882441344,53.28205006728528,-7.714915184843939
2019-09-02,0.0,60.0,-60.0,53.0,-53.0,43.16517311756296,49.11558330825194,-5.950410190688984
2019-09-09,0.0,60.0,-60.0,53.0,-53.0,39.86336646217382,45.07350715824056,-5.210140696066738
2019-09-16,0.0,60.0,-60.0,53.0,-53.0,34.60243133192914,40.799526448526805,-6.197095116597666
2019-09-23,0.0,60.0,-60.0,53.0,-53.0,19.816789085815525,34.36193999937035,-14.545150913554824
2019-09-30,0.0,60.0,-60.0,53.0,-53.0,6.75637632121896,25.25974080028435,-18.50336447906539
2019-10-07,0.0,60.0,-60.0,53.0,-53.0,-1.0921399560733693,15.020864195722552,-16.11300415179592
2019-10-14,0.0,60.0,-60.0,53.0,-53.0,-7.611046999842649,4.467494612779602,-12.07854161262225
2019-10-21,0.0,60.0,-60.0,53.0,-53.0,-6.759754234436407,-2.17664121728338,-4.583113017153027
2019-10-28,0.0,60.0,-60.0,53.0,-53.0,-4.021306557483937,-4.871061936959104,0.8497553794751669
2019-11-04,0.0,60.0,-60.0,53.0,-53.0,-4.146653675900565,-5.634690366915903,1.4880366910153375
2019-11-11,0.0,60.0,-60.0,53.0,-53.0,-8.73417861749221,-5.915473271328294,-2.8187053461639167
2019-11-18,0.0,60.0,-60.0,53.0,-53.0,-20.545823206331708,-9.361990514302118,-11.18383269202959
2019-11-25,0.0,60.0,-60.0,53.0,-53.0,-28.454508707975215,-15.470291051924939,-12.984217656050276
2019-12-02,0.0,60.0,-60.0,53.0,-53.0,-32.42145387884588,-22.538991102661267,-9.882462776184614
2019-12-09,0.0,60.0,-60.0,53.0,-53.0,-36.03365502582071,-29.36386020474339,-6.669794821077318
2019-12-16,0.0,60.0,-60.0,53.0,-53.0,-38.80112620012359,-33.92768595319136,-4.873440246932233
2019-12-23,0.0,60.0,-60.0,53.0,-53.0,-39.15633963914728,-36.60314368598438,-2.5531959531629056
2019-12-30,0.0,60.0,-60.0,53.0,-53.0,-39.949899457803866,-38.485255080723874,-1.464644377079992
2020-01-06,0.0,60.0,-60.0,53.0,-53.0,-34.05455973474468,-37.99048125795487,3.9359215232101903
2020-01-13,0.0,60.0,-60.0,53.0,-53.0,-24.003419845876294,-34.29105466939305,10.287634823516754
2020-01-20,0.0,60.0,-60.0,53.0,-53.0,-16.795991625713903,-28.7009676660347,11.904976040320797
2020-01-27,0.0,60.0,-60.0,53.0,-53.0,-6.82484115038654,-20.419703089180366,13.594861938793827
2020-02-03,0.0,60.0,-60.0,53.0,-53.0,3.9259792695147233,-10.924568338115513,14.850547607630237
2020-02-10,0.0,60.0,-60.0,53.0,-53.0,12.281819580276423,-1.8532584815773347,14.135078061853758
2020-02-17,0.0,60.0,-60.0,53.0,-53.0,17.34639385972334,6.682337889781976,10.664055969941362
2020-02-24,0.0,60.0,-60.0,53.0,-53.0,15.739965507342456,12.323539554214223,3.4164259531282326
2020-03-02,0.0,60.0,-60.0,53.0,-53.0,9.98983211148398,13.839502764706538,-3.8496706532225584
2020-03-09,0.0,60.0,-60.0,53.0,-53.0,-6.269677826302653,9.201628413061767,-15.47130623936442
2020-03-16,0.0,60.0,-60.0,53.0,-53.0,-16.35350974789202,0.7766525111579403,-17.13016225904996
2020-03-23,0.0,60.0,-60.0,53.0,-53.0,-21.62729779831332,-8.565163315256003,-13.062134483057319
2020-03-30,0.0,60.0,-60.0,53.0,-53.0,-23.655551342924753,-16.976509178858187,-6.679042164066566
2020-04-06,0.0,60.0,-60.0,53.0,-53.0,-23.232655363840305,-21.2172535632426,-2.0154018005977044
2020-04-13,0.0,60.0,-60.0,53.0,-53.0,-23.170710452840552,-22.921553739479734,-0.24915671336081857
2020-04-20,0.0,60.0,-60.0,53.0,-53.0,-20.022778487996465,-22.52042391190052,2.4976454239040535
2020-04-27,0.0,60.0,-60.0,53.0,-53.0,-9.601475802983686,-19.006905026915252,9.405429223931566
2020-05-04,0.0,60.0,-60.0,53.0,-53.0,-0.5789526293254141,-13.34347934328653,12.764526713961116
2020-05-11,0.0,60.0,-60.0,53.0,-53.0,7.332776302978254,-5.717607654331831,13.050383957310085
2020-05-18,0.0,60.0,-60.0,53.0,-53.0,12.352742539603867,2.376272602568255,9.976469937035612
2020-05-25,0.0,60.0,-60.0,53.0,-53.0,16.862281407259655,8.99221190512909,7.8700695021305656
2020-06-01,0.0,60.0,-60.0,53.0,-53.0,22.505714720248193,14.763378742522491,7.742335977725702
2020-06-08,0.0,60.0,-60.0,53.0,-53.0,24.825196937899015,19.13648390125268,5.688713036646334
2020-06-15,0.0,60.0,-60.0,53.0,-53.0,25.2645452066156,22.364434568005617,2.900110638609984
2020-06-22,0.0,60.0,-60.0,53.0,-53.0,25.34703690456985,24.485623442333164,0.8614134622366869
2020-06-29,0.0,60.0,-60.0,53.0,-53.0,24.109885923710188,24.88666624319866,-0.7767803194884735
2020-07-06,0.0,60.0,-60.0,53.0,-53.0,24.666396322546618,24.846966089360564,-0.18056976681394588
2020-07-13,0.0,60.0,-60.0,53.0,-53.0,24.077832890956984,24.550288010445907,-0.4724551194889237
2020-07-20,0.0,60.0,-60.0,53.0,-53.0,29.072287602324213,25.481600684884498,3.590686917439715
2020-07-27,0.0,60.0,-60.0,53.0,-53.0,40.32087196636555,29.53434719554834,10.786524770817213
2020-08-03,0.0,60.0,-60.0,53.0,-53.0,48.39394829559005,35.46623518880919,12.927713106780857
2020-08-10,0.0,60.0,-60.0,53.0,-53.0,53.485510311810785,42.81815454402265,10.667355767788138
2020-08-17,0.0,60.0,-60.0,53.0,-53.0,56.46823806546906,49.66714215980886,6.801095905660198
2020-08-24,0.0,60.0,-60.0,53.0,-53.0,56.54321163416788,53.72272707675944,2.8204845574084416
2020-08-31,0.0,60.0,-60.0,53.0,-53.0,51.549651641478064,54.511652913231444,-2.9620012717533797
2020-09-07,0.0,60.0,-60.0,53.0,-53.0,43.76979319576832,52.082723634220834,-8.312930438452511
2020-09-14,0.0,60.0,-60.0,53.0,-53.0,41.07298919776633,48.233911417295154,-7.160922219528821
2020-09-21,0.0,60.0,-60.0,53.0,-53.0,37.1733954209599,43.391457363993155,-6.2180619430332555
2020-09-28,0.0,60.0,-60.0,53.0,-53.0,33.9959105468486,39.00302209033579,-5.007111543487191
2020-10-05,0.0,60.0,-60.0,53.0,-53.0,36.621255919179696,37.21588777118863,-0.5946318520089378
2020-10-12,0.0,60.0,-60.0,53.0,-53.0,41.40942443676447,37.29999658093817,4.109427855826297
2020-10-19,0.0,60.0,-60.0,53.0,-53.0,51.360433302708444,40.84675605137531,10.513677251333135
2020-10-26,0.0,60.0,-60.0,53.0,-53.0,60.25065923849516,47.41044322428695,12.84021601420821
2020-11-02,0.0,60.0,-60.0,53.0,-53.0,68.37732890877453,55.34946147168566,13.027867437088872
2020-11-09,0.0,60.0,-60.0,53.0,-53.0,73.85790134681363,63.46158069919795,10.396320647615681
2020-11-16,0.0,60.0,-60.0,53.0,-53.0,79.5575598157954,70.51086232746968,9.04669748832572
2020-11-23,0.0,60.0,-60.0,53.0,-53.0,81.69705467248758,75.8724611859678,5.824593486519788
2020-11-30,0.0,60.0,-60.0,53.0,-53.0,83.24874003613805,79.59031396780867,3.6584260683293763
2020-12-07,0.0,60.0,-60.0,53.0,-53.0,82.26484758532398,81.69205052743625,0.5727970578877262
2020-12-14,0.0,60.0,-60.0,53.0,-53.0,85.12270679415086,83.08333727202512,2.039369522125739
2020-12-21,0.0,60.0,-60.0,53.0,-53.0,88.58358158527263,84.80496900022138,3.778612585051249
2020-12-28,0.0,60.0,-60.0,53.0,-53.0,93.2348589312735,87.30149872400524,5.933360207268251
2021-01-04,0.0,60.0,-60.0,53.0,-53.0,96.66622117256141,90.90184212081459,5.764379051746815
2021-01-11,0.0,60.0,-60.0,53.0,-53.0,96.34323658115048,93.7069745675645,2.636262013585977
2021-01-18,0.0,60.0,-60.0,53.0,-53.0,92.9341692293226,94.794621478577,-1.8604522492543936
2021-01-25,0.0,60.0,-60.0,53.0,-53.0,89.51398278821891,93.86440244281334,-4.3504196545944325
2021-02-01,0.0,60.0,-60.0,53.0,-53.0,88.18190891684668,91.74332437888467,-3.561415462037985
2021-02-08,0.0,60.0,-60.0,53.0,-53.0,90.11484377491044,90.18622617732464,-0.07138240241420135
2021-02-15,0.0,60.0,-60.0,53.0,-53.0,92.97925540152015,90.19749772037403,2.781757681146118
2021-02-22,0.0,60.0,-60.0,53.0,-53.0,90.76707135355565,90.51076986170823,0.2563014918474238
2021-03-01,0.0,60.0,-60.0,53.0,-53.0,88.19238818444312,90.51338967860734,-2.3210014941642214
2021-03-08,0.0,60.0,-60.0,53.0,-53.0,88.03055673980231,89.9923179198303,-1.9617611800279917
2021-03-15,0.0,60.0,-60.0,53.0,-53.0,86.50460355685756,88.37365495866466,-1.8690514018070985
2021-03-22,0.0,60.0,-60.0,53.0,-53.0,83.145280539152,86.46820725506375,-3.3229267159117484
2021-03-29,0.0,60.0,-60.0,53.0,-53.0,80.88474185572312,84.64129567288374,-3.756553817160622
2021-04-05,0.0,60.0,-60.0,53.0,-53.0,78.64256066865342,82.29429665509652,-3.6517359864431
2021-04-12,0.0,60.0,-60.0,53.0,-53.0,75.18278316423627,79.4638415569412,-4.281058392704935
2021-04-19,0.0,60.0,-60.0,53.0,-53.0,67.57681442719091,75.57172502895094,-7.994910601760026
2021-04-26,0.0,60.0,-60.0,53.0,-53.0,63.481242704035765,71.22085024102908,-7.739607536993319
2021-05-03,0.0,60.0,-60.0,53.0,-53.0,61.52044376599919,66.94032101536553,-5.419877249366337
2021-05-10,0.0,60.0,-60.0,53.0,-53.0,52.59737866032967,61.293969889388876,-8.696591229059209
2021-05-17,0.0,60.0,-60.0,53.0,-53.0,35.86815856493041,53.366805923823755,-17.498647358893344
2021-05-24,0.0,60.0,-60.0,53.0,-53.0,23.63715677205433,43.40578444082839,-19.768627668774062
2021-05-31,0.0,60.0,-60.0,53.0,-53.0,14.337853835646763,31.610136958240286,-17.27228312259352
2021-06-07,0.0,60.0,-60.0,53.0,-53.0,7.1383407040295905,20.245377469165266,-13.107036765135675
2021-06-14,0.0,60.0,-60.0,53.0,-53.0,1.6441755209566553,11.689381708171826,-10.045206187215172
2021-06-21,0.0,60.0,-60.0,53.0,-53.0,-4.913491289322935,4.551719692827506,-9.465210982150442
2021-06-28,0.0,60.0,-60.0,53.0,-53.0,-8.74515824333772,-1.2190333269186022,-7.526124916419118
2021-07-05,0.0,60.0,-60.0,53.0,-53.0,-12.417151002907701,-6.107906253652927,-6.309244749254774
2021-07-12,0.0,60.0,-60.0,53.0,-53.0,-16.19759689036112,-10.56834935648237,-5.629247533878749
2021-07-19,0.0,60.0,-60.0,53.0,-53.0,-18.330262249565383,-13.922542096542983,-4.4077201530223995
2021-07-26,0.0,60.0,-60.0,53.0,-53.0,-14.268013356281472,-15.30325587477892,1.0352425184974479
2021-08-02,0.0,60.0,-60.0,53.0,-53.0,-7.954189075598828,-14.187515392951703,6.233326317352875
2021-08-09,0.0,60.0,-60.0,53.0,-53.0,0.33316092531494057,-10.054825939032687,10.387986864347628
2021-08-16,0.0,60.0,-60.0,53.0,-53.0,7.717911101292337,-3.542782601318258,11.260693702610595
2021-08-23,0.0,60.0,-60.0,53.0,-53.0,13.708867354224779,3.4514375763083054,10.257429777916474
2021-08-30,0.0,60.0,-60.0,53.0,-53.0,19.150189037457352,10.22753210457235,8.922656932885001
2021-09-06,0.0,60.0,-60.0,53.0,-53.0,20.663414956580585,15.310095612388762,5.3533193441918225
2021-09-13,0.0,60.0,-60.0,53.0,-53.0,21.05740826918806,18.644969904362693,2.412438364825366
2021-09-20,0.0,60.0,-60.0,53.0,-53.0,17.339629457038498,19.552660430066123,-2.2130309730276245
2021-09-27,0.0,60.0,-60.0,53.0,-53.0,18.00016635648141,19.26515475982214,-1.2649884033407268
2021-10-04,0.0,60.0,-60.0,53.0,-53.0,26.192661908120222,20.647466497707047,5.545195410413175
2021-10-11,0.0,60.0,-60.0,53.0,-53.0,36.346244569707764,24.469675572836973,11.876568996870791
2021-10-18,0.0,60.0,-60.0,53.0,-53.0,43.86319712781083,31.100567490530054,12.762629637280774
2021-10-25,0.0,60.0,-60.0,53.0,-53.0,47.11395813210647,38.37901543443632,8.73494269767015
2021-11-01,0.0,60.0,-60.0,53.0,-53.0,49.70495110844394,44.25708773451725,5.447863373926694
2021-11-08,0.0,60.0,-60.0,53.0,-53.0,52.752847211907074,48.35873839506708,4.394108816839996
2021-11-15,0.0,60.0,-60.0,53.0,-53.0,50.6360890842749,50.051961384183095,0.5841277000918055
2021-11-22,0.0,60.0,-60.0,53.0,-53.0,45.54081585926941,49.65867581597383,-4.117859956704422
2021-11-29,0.0,60.0,-60.0,53.0,-53.0,34.90670470635888,45.959114215452566,-11.052409509093685
2021-12-06,0.0,60.0,-60.0,53.0,-53.0,25.99211537888307,39.26893125719657,-13.2768158783135
2021-12-13,0.0,60.0,-60.0,53.0,-53.0,17.023204987500048,30.86571023300285,-13.842505245502803
2021-12-20,0.0,60.0,-60.0,53.0,-53.0,11.53338822545721,22.3638533245498,-10.83046509909259
2021-12-27,0.0,60.0,-60.0,53.0,-53.0,5.986794279035289,15.133875717718903,-9.147081438683614
2022-01-03,0.0,60.0,-60.0,53.0,-53.0,-2.7367276477423665,7.951664961062543,-10.68839260880491
2022-01-10,0.0,60.0,-60.0,53.0,-53.0,-9.681418391339967,1.2755091163525396,-10.956927507692507
2022-01-17,0.0,60.0,-60.0,53.0,-53.0,-17.75446238984551,-6.046453537473141,-11.70800885237237
2022-01-24,0.0,60.0,-60.0,53.0,-53.0,-24.03769795381834,-13.552576595686547,-10.485121358131794
2022-01-31,0.0,60.0,-60.0,53.0,-53.0,-25.637331519770285,-19.277727563693528,-6.359603956076757
2022-02-07,0.0,60.0,-60.0,53.0,-53.0,-24.288379972365988,-22.92946795895003,-1.3589120134159565
2022-02-14,0.0,60.0,-60.0,53.0,-53.0,-25.93824768958007,-24.975414283883673,-0.9628334056963972
2022-02-21,0.0,60.0,-60.0,53.0,-53.0,-29.806843467047873,-26.417700662191056,-3.3891428048568173
2022-02-28,0.0,60.0,-60.0,53.0,-53.0,-29.35071065749847,-27.3460454466231,-2.0046652108753698
2022-03-07,0.0,60.0,-60.0,53.0,-53.0,-30.296987798644555,-28.848197403192742,-1.4487903954518124
2022-03-14,0.0,60.0,-60.0,53.0,-53.0,-29.108676635334458,-29.64080463963134,0.532128004296883
2022-03-21,0.0,60.0,-60.0,53.0,-53.0,-20.994799438940213,-27.43779363260443,6.442994193664216
2022-03-28,0.0,60.0,-60.0,53.0,-53.0,-12.405064043194589,-23.201381979028458,10.79631793583387
2022-04-04,0.0,60.0,-60.0,53.0,-53.0,-9.448577413173322,-17.989279382660648,8.540701969487326
2022-04-11,0.0,60.0,-60.0,53.0,-53.0,-13.123905970196871,-13.993086716376252,0.8691807461793815
2022-04-18,0.0,60.0,-60.0,53.0,-53.0,-16.09593776139639,-12.7683712969903,-3.3275664644060896
2022-04-25,0.0,60.0,-60.0,53.0,-53.0,-20.87339058321311,-14.885452931994926,-5.987937651218182
2022-05-02,0.0,60.0,-60.0,53.0,-53.0,-28.528631249425327,-19.655466391057928,-8.8731648583674
2022-05-09,0.0,60.0,-60.0,53.0,-53.0,-38.95510309068024,-26.113265671178766,-12.841837419501474
2022-05-16,0.0,60.0,-60.0,53.0,-53.0,-44.97160351559799,-33.33218210972917,-11.639421405868823
2022-05-23,0.0,60.0,-60.0,53.0,-53.0,-48.900666657776455,-40.33900112837,-8.561665529406454
2022-05-30,0.0,60.0,-60.0,53.0,-53.0,-49.90402632222251,-45.682849896569294,-4.221176425653212
2022-06-06,0.0,60.0,-60.0,53.0,-53.0,-52.03776115794353,-48.95351441338512,-3.0842467445584063
2022-06-13,0.0,60.0,-60.0,53.0,-53.0,-57.666207630109426,-52.12716544201298,-5.539042188096445
2022-06-20,0.0,60.0,-60.0,53.0,-53.0,-60.828200152536496,-55.10904881570299,-5.719151336833505
2022-06-27,0.0,60.0,-60.0,53.0,-53.0,-62.63615525801363,-58.292081049650776,-4.344074208362855
2022-07-04,0.0,60.0,-60.0,53.0,-53.0,-62.33407567542947,-60.86615967902226,-1.467915996407207
2022-07-11,0.0,60.0,-60.0,53.0,-53.0,-61.537912697324515,-61.83408594582603,0.2961732485015176
2022-07-18,0.0,60.0,-60.0,53.0,-53.0,-58.5247216574788,-61.258216322061614,2.733494664582814
2022-07-25,0.0,60.0,-60.0,53.0,-53.0,-55.25089901481464,-59.41190226126186,4.1610032464472155
2022-08-01,0.0,60.0,-60.0,53.0,-53.0,-51.95394197868913,-56.816868837076775,4.862926858387645
2022-08-08,0.0,60.0,-60.0,53.0,-53.0,-47.56191551146774,-53.32286954061259,5.760954029144848
2022-08-15,0.0,60.0,-60.0,53.0,-53.0,-46.050267671180656,-50.204256044038054,4.153988372857398
2022-08-22,0.0,60.0,-60.0,53.0,-53.0,-47.76678633780022,-48.33322787478445,0.5664415369842288
2022-08-29,0.0,60.0,-60.0,53.0,-53.0,-48.847097799976545,-47.556516830106304,-1.2905809698702413
2022-09-05,0.0,60.0,-60.0,53.0,-53.0,-47.9492692874123,-47.65335527409244,-0.2959140133198588
2022-09-12,0.0,60.0,-60.0,53.0,-53.0,-47.21901320658209,-47.945541657942805,0.7265284513607142
2022-09-19,0.0,60.0,-60.0,53.0,-53.0,-49.02528528915869,-48.26016639578242,-0.7651188933762683
2022-09-26,0.0,60.0,-60.0,53.0,-53.0,-49.09630897565485,-48.322469189702,-0.7738397859528519
2022-10-03,0.0,60.0,-60.0,53.0,-53.0,-47.95156978963508,-48.32304431525769,0.3714745256226095
2022-10-10,0.0,60.0,-60.0,53.0,-53.0,-47.76326686549984,-48.459107729987124,0.6958408644872875
2022-10-17,0.0,60.0,-60.0,53.0,-53.0,-46.66805844160891,-47.86980101809968,1.2017425764907657
2022-10-24,0.0,60.0,-60.0,53.0,-53.0,-42.36539350071068,-46.18707214936363,3.8216786486529486
2022-10-31,0.0,60.0,-60.0,53.0,-53.0,-36.44770754606548,-43.31110658847123,6.863399042405753
2022-11-07,0.0,60.0,-60.0,53.0,-53.0,-42.42264472566126,-41.975951053511594,-0.4466936721496637
2022-11-14,0.0,60.0,-60.0,53.0,-53.0,-48.66617915336662,-42.47548123145102,-6.1906979219156
2022-11-21,0.0,60.0,-60.0,53.0,-53.0,-52.340858481895765,-44.96934747674729,-7.371511005148477
2022-11-28,0.0,60.0,-60.0,53.0,-53.0,-52.82084366273026,-49.06263150591348,-3.758212156816782
2022-12-05,0.0,60.0,-60.0,53.0,-53.0,-51.84673931963694,-51.4186551544074,-0.4280841652295351
2022-12-12,0.0,60.0,-60.0,53.0,-53.0,-50.12148667404246,-51.78248203457636,1.660995360533903
2022-12-19,0.0,60.0,-60.0,53.0,-53.0,-49.95705963732196,-51.18653232343291,1.2294726861109453
2022-12-26,0.0,60.0,-60.0,53.0,-53.0,-49.55567681307828,-50.37024061101991,0.8145637979416307
2023-01-02,0.0,60.0,-60.0,53.0,-53.0,-47.555970566113956,-49.29754842263917,1.7415778565252111
2023-01-09,0.0,60.0,-60.0,53.0,-53.0,-34.225940221643455,-45.323661809539416,11.097721587895961
2023-01-16,0.0,60.0,-60.0,53.0,-53.0,-18.58316147713952,-37.48018726949381,18.89702579235429
2023-01-23,0.0,60.0,-60.0,53.0,-53.0,-5.748449992222882,-26.52838056427996,20.779930572057076
2023-01-30,0.0,60.0,-60.0,53.0,-53.0,2.9481706877544784,-13.902345250812854,16.850515938567334
2023-02-06,0.0,60.0,-60.0,53.0,-53.0,7.396604410366649,-3.4967090928103293,10.893313503176978
2023-02-13,0.0,60.0,-60.0,53.0,-53.0,13.59950967653567,4.5489586956084676,9.050550980927202
2023-02-20,0.0,60.0,-60.0,53.0,-53.0,18.458305668604357,10.60064761081528,7.857658057789077
2023-02-27,0.0,60.0,-60.0,53.0,-53.0,19.736149048850724,14.79764220108934,4.938506847761383
2023-03-06,0.0,60.0,-60.0,53.0,-53.0,16.88848558850028,17.17061249562275,-0.2821269071224677
2023-03-13,0.0,60.0,-60.0,53.0,-53.0,26.03805547887214,20.280248946206868,5.7578065326652705
2023-03-20,0.0,60.0,-60.0,53.0,-53.0,34.370278010836174,24.25824203176482,10.112035979071354
2023-03-27,0.0,60.0,-60.0,53.0,-53.0,39.48946739076787,29.196571617244107,10.292895773523764
2023-04-03,0.0,60.0,-60.0,53.0,-53.0,42.72831261031799,35.65652837269853,7.071784237619461
2023-04-10,0.0,60.0,-60.0,53.0,-53.0,46.91231735571824,40.87509384191006,6.037223513808179
2023-04-17,0.0,60.0,-60.0,53.0,-53.0,47.093219755486686,44.055829278072686,3.037390477414
2023-04-24,0.0,60.0,-60.0,53.0,-53.0,47.30111455326687,46.00874106869744,1.2923734845694312
2023-05-01,0.0,60.0,-60.0,53.0,-53.0,46.88023008028381,47.04672043618889,-0.16649035590508277
2023-05-08,0.0,60.0,-60.0,53.0,-53.0,42.73918086594156,46.00343631374473,-3.2642554478031656
2023-05-15,0.0,60.0,-60.0,53.0,-53.0,38.21755595795318,43.78452036436135,-5.566964406408168
2023-05-22,0.0,60.0,-60.0,53.0,-53.0,35.780724043187554,40.904422736841525,-5.123698693653971
2023-05-29,0.0,60.0,-60.0,53.0,-53.0,33.36718978793293,37.5261626637538,-4.158972875820872
2023-06-05,0.0,60.0,-60.0,53.0,-53.0,26.022993554547227,33.347115835905214,-7.324122281357987
2023-06-12,0.0,60.0,-60.0,53.0,-53.0,18.79458706213266,28.49137361195008,-9.696786549817421
2023-06-19,0.0,60.0,-60.0,53.0,-53.0,27.18135227337858,26.34153066949784,0.8398216038807398
2023-06-26,0.0,60.0,-60.0,53.0,-53.0,35.1485323958773,26.78686632148393,8.361666074393366
2023-07-03,0.0,60.0,-60.0,53.0,-53.0,39.97289450766633,30.274341559763705,9.698552947902627
2023-07-10,0.0,60.0,-60.0,53.0,-53.0,43.259712586902296,36.39062294095612,6.869089645946175
2023-07-17,0.0,60.0,-60.0,53.0,-53.0,43.3038140129024,40.42123837583707,2.8825756370653295
2023-07-24,0.0,60.0,-60.0,53.0,-53.0,40.95594469328281,41.873091450188454,-0.9171467569056446
2023-07-31,0.0,60.0,-60.0,53.0,-53.0,37.94638077337891,41.36646301661659,-3.4200822432376796
2023-08-07,0.0,60.0,-60.0,53.0,-53.0,36.020667393603006,39.55670171829178,-3.536034324688771
2023-08-14,0.0,60.0,-60.0,53.0,-53.0,23.164749066309355,34.52193548164351,-11.357186415334155
2023-08-21,0.0,60.0,-60.0,53.0,-53.0,10.792160140905612,26.980989343549215,-16.188829202643603
2023-08-28,0.0,60.0,-60.0,53.0,-53.0,3.1054278905728676,18.270751122847702,-15.165323232274835
2023-09-04,0.0,60.0,-60.0,53.0,-53.0,-4.523577531734187,8.134689891513403,-12.65826742324759
2023-09-11,0.0,60.0,-60.0,53.0,-53.0,-9.47205151980114,-0.024510255014221105,-9.447541264786919
2023-09-18,0.0,60.0,-60.0,53.0,-53.0,-11.38530957085801,-5.568877682955124,-5.816431887902885
2023-09-25,0.0,60.0,-60.0,53.0,-53.0,-9.542502817364694,-8.730860359939514,-0.8116424574251795
2023-10-02,0.0,60.0,-60.0,53.0,-53.0,-5.061946879117092,-8.86545269678524,3.8035058176681487
2023-10-09,0.0,60.0,-60.0,53.0,-53.0,-5.290214998978496,-7.81999356657958,2.5297785676010838
2023-10-16,0.0,60.0,-60.0,53.0,-53.0,5.200024575598392,-3.67366002996548,8.873684605563872
2023-10-23,0.0,60.0,-60.0,53.0,-53.0,22.256294025089055,4.276039180647965,17.98025484444109
2023-10-30,0.0,60.0,-60.0,53.0,-53.0,34.36679119449052,14.133223699049868,20.23356749544065
2023-11-06,0.0,60.0,-60.0,53.0,-53.0,43.015422514643056,26.20963307745526,16.805789437187798
2023-11-13,0.0,60.0,-60.0,53.0,-53.0,48.02729474475144,36.916450619743514,11.110844125007922
2023-11-20,0.0,60.0,-60.0,53.0,-53.0,51.23946075594131,44.16224230245658,7.077218453484726
2023-11-27,0.0,60.0,-60.0,53.0,-53.0,54.74195994301189,49.25603448958692,5.485925453424969
2023-12-04,0.0,60.0,-60.0,53.0,-53.0,59.90726168536524,53.47899428226747,6.42826740309777
2023-12-11,0.0,60.0,-60.0,53.0,-53.0,61.354624359749266,56.810826686016924,4.5437976737323424
2023-12-18,0.0,60.0,-60.0,53.0,-53.0,62.304021245419186,59.5769668083864,2.727054437032784
2023-12-25,0.0,60.0,-60.0,53.0,-53.0,61.918413922820235,61.37108030333848,0.5473336194817549
2024-01-01,0.0,60.0,-60.0,53.0,-53.0,61.83491244665022,61.85299299365973,-0.018080547009510894
2024-01-08,0.0,60.0,-60.0,53.0,-53.0,61.58855788441825,61.911476374826975,-0.3229184904087248
2024-01-15,0.0,60.0,-60.0,53.0,-53.0,57.96527038838723,60.82678866056899,-2.8615182721817547
2024-01-22,0.0,60.0,-60.0,53.0,-53.0,53.4996185055955,58.7220898062628,-5.222471300667301
2024-01-29,0.0,60.0,-60.0,53.0,-53.0,52.24908590562169,56.32563317100566,-4.076547265383972
2024-02-05,0.0,60.0,-60.0,53.0,-53.0,56.06046045416396,54.94360881344209,1.116851640721869
2024-02-12,0.0,60.0,-60.0,53.0,-53.0,62.43196047302351,56.06028133460116,6.371679138422351
2024-02-19,0.0,60.0,-60.0,53.0,-53.0,65.9930462296057,59.18363826560371,6.809407964001984
2024-02-26,0.0,60.0,-60.0,53.0,-53.0,72.47732947419256,64.24069915774643,8.236630316446124
2024-03-04,0.0,60.0,-60.0,53.0,-53.0,78.26869961243209,69.79275894731346,8.475940665118628
2024-03-11,0.0,60.0,-60.0,53.0,-53.0,81.35278558070519,74.52296522423387,6.829820356471316
2024-03-18,0.0,60.0,-60.0,53.0,-53.0,80.36271470477251,78.11538234302557,2.247332361746942
2024-03-25,0.0,60.0,-60.0,53.0,-53.0,80.31914431801283,80.07583605398065,0.24330826403217998
2024-04-01,0.0,60.0,-60.0,53.0,-53.0,78.32595806192721,80.09015066635443,-1.7641926044272225
2024-04-08,0.0,60.0,-60.0,53.0,-53.0,74.81638388664085,78.45605024283836,-3.639666356197509
2024-04-15,0.0,60.0,-60.0,53.0,-53.0,69.56625339638931,75.75693491574255,-6.190681519353234
2024-04-22,0.0,60.0,-60.0,53.0,-53.0,65.11114643171214,71.95493544416738,-6.8437890124552325
2024-04-29,0.0,60.0,-60.0,53.0,-53.0,58.53870859555061,67.00812307757323,-8.469414482022621
2024-05-06,0.0,60.0,-60.0,53.0,-53.0,53.307592996379014,61.63092535500777,-8.323332358628754
2024-05-13,0.0,60.0,-60.0,53.0,-53.0,51.85819286176534,57.20391022135178,-5.345717359586438
2024-05-20,0.0,60.0,-60.0,53.0,-53.0,54.59791768570492,54.57560303484996,0.022314650854958984
2024-05-27,0.0,60.0,-60.0,53.0,-53.0,55.20176707303688,53.741367654221534,1.4603994188153493
2024-06-03,0.0,60.0,-60.0,53.0,-53.0,56.44332220888201,54.52529995734728,1.9180222515347296
2024-06-10,0.0,60.0,-60.0,53.0,-53.0,53.64916245342162,54.97304235526135,-1.3238799018397316
2024-06-17,0.0,60.0,-60.0,53.0,-53.0,46.542706973103975,52.959239677111114,-6.416532704007139
2024-06-24,0.0,60.0,-60.0,53.0,-53.0,35.702399868074906,48.08439787587062,-12.381998007795715
2024-07-01,0.0,60.0,-60.0,53.0,-53.0,22.62153797909704,39.62895181842438,-17.00741383932734
2024-07-08,0.0,60.0,-60.0,53.0,-53.0,14.1712266713268,29.75946787290068,-15.58824120157388
2024-07-15,0.0,60.0,-60.0,53.0,-53.0,17.208909981911294,22.42601862510251,-5.217108643191217
2024-07-22,0.0,60.0,-60.0,53.0,-53.0,21.1537369030076,18.788852883835688,2.364884019171914
2024-07-29,0.0,60.0,-60.0,53.0,-53.0,15.721303562889753,17.063794279783863,-1.34249071689411
2024-08-05,0.0,60.0,-60.0,53.0,-53.0,4.8936671011259385,14.744404387233649,-9.85073728610771
2024-08-12,0.0,60.0,-60.0,53.0,-53.0,-0.7134704644029881,10.26380927565508,-10.977279740058068
2024-08-19,0.0,60.0,-60.0,53.0,-53.0,0.5447290155045497,5.111557303779317,-4.566828288274767
2024-08-26,0.0,60.0,-60.0,53.0,-53.0,-3.468650209710602,0.31406886062922457,-3.7827190703398266
2024-09-02,0.0,60.0,-60.0,53.0,-53.0,-12.394785642758261,-4.0080443253418245,-8.386741317416437
2024-09-09,0.0,60.0,-60.0,53.0,-53.0,-15.244774778461956,-7.640870403856567,-7.6039043746053885
2024-09-16,0.0,60.0,-60.0,53.0,-53.0,-10.503902414584411,-10.403028261378807,-0.10087415320560389
2024-09-23,0.0,60.0,-60.0,53.0,-53.0,-1.3770461920744825,-9.880127256969777,8.503081064895294
2024-09-30,0.0,60.0,-60.0,53.0,-53.0,1.9382699363961402,-6.296863362181177,8.235133298577317
2024-10-07,0.0,60.0,-60.0,53.0,-53.0,3.1744350854485637,-1.6920608962035468,4.86649598165211
2024-10-14,0.0,60.0,-60.0,53.0,-53.0,13.290179300041736,4.25645953245299,9.033719767588746
2024-10-21,0.0,60.0,-60.0,53.0,-53.0,20.787901332448058,9.797696413583624,10.990204918864434
2024-10-28,0.0,60.0,-60.0,53.0,-53.0,28.669055294164053,16.480392753025605,12.188662541138449
2024-11-04,0.0,60.0,-60.0,53.0,-53.0,39.092622866304346,25.45993969823955,13.632683168064798
2024-11-11,0.0,60.0,-60.0,53.0,-53.0,51.03570611950967,34.89632140310653,16.139384716403136
2024-11-18,0.0,60.0,-60.0,53.0,-53.0,59.835362588778665,44.65818671718918,15.177175871589483
2024-11-25,0.0,60.0,-60.0,53.0,-53.0,63.962556126167144,53.48156192518996,10.480994200977186
2024-12-02,0.0,60.0,-60.0,53.0,-53.0,66.61249789740276,60.361530682964556,6.250967214438205
2024-12-09,0.0,60.0,-60.0,53.0,-53.0,68.09512276648202,64.62638484470764,3.468737921774377
2024-12-16,0.0,60.0,-60.0,53.0,-53.0,67.14377679317535,66.45348839580681,0.6902883973685334
2024-12-23,0.0,60.0,-60.0,53.0,-53.0,64.30100616114781,66.53810090455198,-2.237094743404171
2024-12-30,0.0,60.0,-60.0,53.0,-53.0,61.83825008510617,65.34453895147783,-3.506288866371662
2025-01-06,0.0,60.0,-60.0,53.0,-53.0,59.25809862288446,63.13528291557844,-3.8771842926939826
2025-01-13,0.0,60.0,-60.0,53.0,-53.0,58.155405723805636,60.88819014823601,-2.7327844244303776
2025-01-20,0.0,60.0,-60.0,53.0,-53.0,59.20986687182222,59.61540532590461,-0.4055384540823894
2025-01-27,0.0,60.0,-60.0,53.0,-53.0,57.13750763494474,58.44021971336426,-1.3027120784195176
2025-02-03,0.0,60.0,-60.0,53.0,-53.0,52.62294165020433,56.78143047019422,-4.158488819989891
2025-02-10,0.0,60.0,-60.0,53.0,-53.0,48.142209665925506,54.2781314557242,-6.135921789798694
2025-02-17,0.0,60.0,-60.0,53.0,-53.0,44.090912605971845,50.4983928892616,-6.4074802832897575
2025-02-24,0.0,60.0,-60.0,53.0,-53.0,33.014895148755464,44.467739767714285,-11.45284461895882
2025-03-03,0.0,60.0,-60.0,53.0,-53.0,20.533269076742556,36.44532162434884,-15.912052547606287
2025-03-10,0.0,60.0,-60.0,53.0,-53.0,8.99701798822065,26.659023704922625,-17.662005716701977
2025-03-17,0.0,60.0,-60.0,53.0,-53.0,2.929083980505233,16.368566548555968,-13.439482568050735
2025-03-24,0.0,60.0,-60.0,53.0,-53.0,-2.389048895355069,7.517580537528332,-9.9066294328834
2025-03-31,0.0,60.0,-60.0,53.0,-53.0,-8.7459917805777,0.19776532319826945,-8.943757103775969
2025-04-07,0.0,60.0,-60.0,53.0,-53.0,-13.419893243641209,-5.406462484767195,-8.013430758874014
2025-04-14,0.0,60.0,-60.0,53.0,-53.0,-13.794224436301906,-9.58728958896898,-4.206934847332926
2025-04-21,0.0,60.0,-60.0,53.0,-53.0,-6.855408934605922,-10.703879598781693,3.848470664175771
2025-04-28,0.0,60.0,-60.0,53.0,-53.0,1.5530851506414898,-8.129110365976896,9.682195516618386
2025-05-05,0.0,60.0,-60.0,53.0,-53.0,11.61775283540014,-1.8696988462165587,13.487451681616697
2025-05-12,0.0,60.0,-60.0,53.0,-53.0,20.449814408408812,6.691310864961121,13.758503543447691
2025-05-19,0.0,60.0,-60.0,53.0,-53.0,27.7143965010563,15.333762223876676,12.380634277179624
2025-05-26,0.0,60.0,-60.0,53.0,-53.0,31.791478367832365,22.893360528174394,8.89811783965797
2025-06-02,0.0,60.0,-60.0,53.0,-53.0,33.2059112628324,28.29040013503247,4.915511127799931
2025-06-09,0.0,60.0,-60.0,53.0,-53.0,35.207590148768055,31.979844070122283,3.2277460786457723
2025-06-16,0.0,60.0,-60.0,53.0,-53.0,33.92521846225138,33.53254956042105,0.39266890183032643
2025-06-23,0.0,60.0,-60.0,53.0,-53.0,34.87799645202223,34.30417908146852,0.5738173705537122
2025-06-30,0.0,60.0,-60.0,53.0,-53.0,37.45335429494191,35.3660398394959,2.0873144554460126
2025-07-07,0.0,60.0,-60.0,53.0,-53.0,43.46401507218382,37.430146070349835,6.033869001833985
2025-07-14,0.0,60.0,-60.0,53.0,-53.0,48.6312184546742,41.10664606845554,7.524572386218658
2025-07-21,0.0,60.0,-60.0,53.0,-53.0,51.07002755465282,45.154653844113184,5.915373710539633
2025-07-28,0.0,60.0,-60.0,53.0,-53.0,50.50050439610277,48.4164413694034,2.0840630266993685
2025-08-04,0.0,60.0,-60.0,53.0,-53.0,50.67356565148122,50.21882901422775,0.45473663725346825
2025-08-11,0.0,60.0,-60.0,53.0,-53.0,51.80499563298359,51.0122733088051,0.7927223241784915
2025-08-18,0.0,60.0,-60.0,53.0,-53.0,47.79984372405137,50.19472735115473,-2.3948836271033613
2025-08-25,0.0,60.0,-60.0,53.0,-53.0,40.02480270673388,47.57580192881251,-7.55099922207863
2025-09-01,0.0,60.0,-60.0,53.0,-53.0,34.09933805141325,43.43224502879552,-9.332906977382272
2025-09-08,0.0,60.0,-60.0,53.0,-53.0,33.443949284428165,38.841983441656666,-5.398034157228501
2025-09-15,0.0,60.0,-60.0,53.0,-53.0,34.7110684485184,35.56978962277342,-0.8587211742550238
2025-09-22,0.0,60.0,-60.0,53.0,-53.0,29.816151435906544,33.017626805066584,-3.2014753691600397
2025-09-29,0.0,60.0,-60.0,53.0,-53.0,36.80226472547691,33.6933584735825,3.1089062518944104
2025-10-06,0.0,60.0,-60.0,53.0,-53.0,35.13234516959919,34.115457444875254,1.0168877247239365
2025-10-13,0.0,60.0,-60.0,53.0,-53.0,24.427167792490593,31.544482280868305,-7.117314488377712
2025-10-20,0.0,60.0,-60.0,53.0,-53.0,19.770245398421558,29.03300577149706,-9.262760373075501
2025-10-27,0.0,60.0,-60.0,53.0,-53.0,13.928571382400895,23.314582435728052,-9.386011053327158
2025-11-03,0.0,60.0,-60.0,53.0,-53.0,1.0435955621783037,14.792395033872834,-13.74879947169453
2025-11-10,0.0,60.0,-60.0,53.0,-53.0,-12.650757209191918,5.522913783452207,-18.173670992644126
2025-11-17,0.0,60.0,-60.0,53.0,-53.0,-26.3520901528967,-6.007670104377354,-20.344420048519346
2025-11-24,0.0,60.0,-60.0,53.0,-53.0,-33.482378756421795,-17.86040763908303,-15.621971117338767
2025-12-01,0.0,60.0,-60.0,53.0,-53.0,-37.888155181274215,-27.593345324946156,-10.294809856328058
2025-12-08,0.0,60.0,-60.0,53.0,-53.0,-40.2307195896887,-34.488335920070355,-5.7423836696183415
2025-12-15,0.0,60.0,-60.0,53.0,-53.0,-42.65858584053774,-38.56495984198061,-4.09362599855713
2025-12-22,0.0,60.0,-60.0,53.0,-53.0,-43.69307652778398,-41.11763428482116,-2.575442242962822
2025-12-29,0.0,60.0,-60.0,53.0,-53.0,-42.99544844347122,-42.39445760037041,-0.60099084310081
2026-01-05,0.0,60.0,-60.0,53.0,-53.0,-40.91353860155588,-42.5651623533372,1.6516237517813224
2026-01-12,0.0,60.0,-60.0,53.0,-53.0,-36.911651865314404,-41.12842885953137,4.216776994216964
2026-01-19,0.0,60.0,-60.0,53.0,-53.0,-36.8220485773547,-39.41067187192405,2.588623294569352
