date,value
2024-11-05T00:00,0
2024-11-05T08:00,0
2024-11-05T16:00,0
2024-11-06T00:00,0
2024-11-06T08:00,0
2024-11-06T16:00,0
2024-11-07T00:00,0
2024-11-07T08:00,0
2024-11-07T16:00,0
2024-11-08T00:00,0
2024-11-08T08:00,0
2024-11-08T16:00,0
2024-11-09T00:00,0
2024-11-09T08:00,0
2024-11-09T16:00,0
2024-11-10T00:00,0
2024-11-10T08:00,0
2024-11-10T16:00,0
2024-11-11T00:00,0
2024-11-11T08:00,0
2024-11-11T16:00,0
2024-11-12T00:00,0
2024-11-12T08:00,0
2024-11-12T16:00,0
2024-11-13T00:00,0
2024-11-13T08:00,0
2024-11-13T16:00,0
2024-11-14T00:00,0
2024-11-14T08:00,0
2024-11-14T16:00,0
2024-11-15T00:00,0
2024-11-15T08:00,0
2024-11-15T16:00,0
2024-11-16T00:00,0
2024-11-16T08:00,0
2024-11-16T16:00,0
2024-11-17T00:00,0
2024-11-17T08:00,0
2024-11-17T16:00,0
2024-11-18T00:00,0
2024-11-18T08:00,0
2024-11-18T16:00,0
2024-11-19T00:00,0
2024-11-19T08:00,0
2024-11-19T16:00,0
2024-11-20T00:00,0
2024-11-20T08:00,0
2024-11-20T16:00,0
2024-11-21T00:00,0
2024-11-21T08:00,0
2024-11-21T16:00,0
2024-11-22T00:00,0
2024-11-22T08:00,0
2024-11-22T16:00,0
2024-11-23T00:00,0
2024-11-23T08:00,0
2024-11-23T16:00,0
2024-11-24T00:00,0
2024-11-24T08:00,0
2024-11-24T16:00,0
2024-11-25T00:00,0
2024-11-25T08:00,0
2024-11-25T16:00,0
2024-11-26T00:00,0
2024-11-26T08:00,0
2024-11-26T16:00,0
2024-11-27T00:00,0
2024-11-27T08:00,0
2024-11-27T16:00,0
2024-11-28T00:00,0
2024-11-28T08:00,0
2024-11-28T16:00,0
2024-11-29T00:00,0
2024-11-29T08:00,0
2024-11-29T16:00,0
2024-11-30T00:00,0
2024-11-30T08:00,0
2024-11-30T16:00,0
2024-12-01T00:00,0
2024-12-01T08:00,0
2024-12-01T16:00,0
2024-12-02T00:00,0
2024-12-02T08:00,0
2024-12-02T16:00,0
2024-12-03T00:00,0
2024-12-03T08:00,0
2024-12-03T16:00,0
2024-12-04T00:00,0
2024-12-04T08:00,0
2024-12-04T16:00,0
2024-12-05T00:00,0
2024-12-05T08:00,0
2024-12-05T16:00,0
2024-12-06T00:00,0
2024-12-06T08:00,0
2024-12-06T16:00,0
2024-12-07T00:00,0
2024-12-07T08:00,0
2024-12-07T16:00,0
2024-12-08T00:00,0
2024-12-08T08:00,0
2024-12-08T16:00,0
2024-12-09T00:00,0
2024-12-09T08:00,0
2024-12-09T16:00,0
2024-12-10T00:00,0
2024-12-10T08:00,0
2024-12-10T16:00,0
2024-12-11T00:00,0
2024-12-11T08:00,0
2024-12-11T16:00,0
2024-12-12T00:00,0
2024-12-12T08:00,0
2024-12-12T16:00,0
2024-12-13T00:00,0
2024-12-13T08:00,0
2024-12-13T16:00,0
2024-12-14T00:00,0
2024-12-14T08:00,0
2024-12-14T16:00,0
2024-12-15T00:00,0
2024-12-15T08:00,0
2024-12-15T16:00,0
2024-12-16T00:00,0
2024-12-16T08:00,0
2024-12-16T16:00,0
2024-12-17T00:00,0
2024-12-17T08:00,0
2024-12-17T16:00,0
2024-12-18T00:00,0
2024-12-18T08:00,0
2024-12-18T16:00,0
2024-12-19T00:00,0
2024-12-19T08:00,0
2024-12-19T16:00,0
2024-12-20T00:00,0
2024-12-20T08:00,0
2024-12-20T16:00,0
2024-12-21T00:00,0
2024-12-21T08:00,0
2024-12-21T16:00,0
2024-12-22T00:00,0
2024-12-22T08:00,0
2024-12-22T16:00,0
2024-12-23T00:00,0
2024-12-23T08:00,0
2024-12-23T16:00,0
2024-12-24T00:00,0
2024-12-24T08:00,0
2024-12-24T16:00,0
2024-12-25T00:00,0
2024-12-25T08:00,0
2024-12-25T16:00,0
2024-12-26T00:00,0
2024-12-26T08:00,0
2024-12-26T16:00,0
2024-12-27T00:00,0
2024-12-27T08:00,0
2024-12-27T16:00,0
2024-12-28T00:00,0
2024-12-28T08:00,0
2024-12-28T16:00,0
2024-12-29T00:00,0
2024-12-29T08:00,0
2024-12-29T16:00,0
2024-12-30T00:00,0
2024-12-30T08:00,0
2024-12-30T16:00,0
2024-12-31T00:00,0
2024-12-31T08:00,0
2024-12-31T16:00,0
2025-01-01T00:00,0
2025-01-01T08:00,0
2025-01-01T16:00,0
2025-01-02T00:00,0
2025-01-02T08:00,0
2025-01-02T16:00,0
2025-01-03T00:00,0
2025-01-03T08:00,0
2025-01-03T16:00,0
2025-01-04T00:00,0
2025-01-04T08:00,0
2025-01-04T16:00,0
2025-01-05T00:00,0
2025-01-05T08:00,0
2025-01-05T16:00,0
2025-01-06T00:00,0
2025-01-06T08:00,0
2025-01-06T16:00,0
2025-01-07T00:00,0
2025-01-07T08:00,0
2025-01-07T16:00,0
2025-01-08T00:00,0
2025-01-08T08:00,0
2025-01-08T16:00,0
2025-01-09T00:00,0
2025-01-09T08:00,0
2025-01-09T16:00,0
2025-01-10T00:00,0
2025-01-10T08:00,0
2025-01-10T16:00,0
2025-01-11T00:00,0
2025-01-11T08:00,0
2025-01-11T16:00,0
2025-01-12T00:00,0
2025-01-12T08:00,0
2025-01-12T16:00,0
2025-01-13T00:00,0
2025-01-13T08:00,0
2025-01-13T16:00,0
2025-01-14T00:00,0
2025-01-14T08:00,0
2025-01-14T16:00,0
2025-01-15T00:00,0
2025-01-15T08:00,0
2025-01-15T16:00,0
2025-01-16T00:00,0
2025-01-16T08:00,0
2025-01-16T16:00,0
2025-01-17T00:00,0
2025-01-17T08:00,0
2025-01-17T16:00,0
2025-01-18T00:00,0
2025-01-18T08:00,0
2025-01-18T16:00,0
2025-01-19T00:00,0
2025-01-19T08:00,0
2025-01-19T16:00,0
2025-01-20T00:00,0
2025-01-20T08:00,0
2025-01-20T16:00,0
2025-01-21T00:00,0
2025-01-21T08:00,0
2025-01-21T16:00,0
2025-01-22T00:00,0
2025-01-22T08:00,0
2025-01-22T16:00,0
2025-01-23T00:00,0
2025-01-23T08:00,0
2025-01-23T16:00,0
2025-01-24T00:00,0
2025-01-24T08:00,0
2025-01-24T16:00,0
2025-01-25T00:00,0
2025-01-25T08:00,0
2025-01-25T16:00,0
2025-01-26T00:00,0
2025-01-26T08:00,0
2025-01-26T16:00,0
2025-01-27T00:00,0
2025-01-27T08:00,0
2025-01-27T16:00,0
2025-01-28T00:00,0
2025-01-28T08:00,0
2025-01-28T16:00,0
2025-01-29T00:00,0
2025-01-29T08:00,0
2025-01-29T16:00,0
2025-01-30T00:00,7.0
2025-01-30T08:00,-451.89
2025-01-30T16:00,-43.95
2025-01-31T00:00,6.6
2025-01-31T08:00,-235.98
2025-01-31T16:00,-149.79
2025-02-01T00:00,4.24
2025-02-01T08:00,-123.54
2025-02-01T16:00,-14.13
2025-02-02T00:00,-142.45
2025-02-02T08:00,4.52
2025-02-02T16:00,-37.08
2025-02-03T00:00,-25.12
2025-02-03T08:00,-133.67
2025-02-03T16:00,5.29
2025-02-04T00:00,-62.87
2025-02-04T08:00,5.47
2025-02-04T16:00,5.47
2025-02-05T00:00,5.87
2025-02-05T08:00,5.47
2025-02-05T16:00,5.47
2025-02-06T00:00,5.47
2025-02-06T08:00,5.47
2025-02-06T16:00,-267.53
2025-02-07T00:00,-133.34
2025-02-07T08:00,5.47
2025-02-07T16:00,5.47
2025-02-08T00:00,-37.12
2025-02-08T08:00,5.57
2025-02-08T16:00,5.47
2025-02-09T00:00,5.47
2025-02-09T08:00,5.47
2025-02-09T16:00,5.46
2025-02-10T00:00,5.46
2025-02-10T08:00,5.46
2025-02-10T16:00,-32.25
2025-02-11T00:00,5.46
2025-02-11T08:00,5.46
2025-02-11T16:00,-7.0
2025-02-12T00:00,5.46
2025-02-12T08:00,5.46
2025-02-12T16:00,5.46
2025-02-13T00:00,5.46
2025-02-13T08:00,5.46
2025-02-13T16:00,5.46
2025-02-14T00:00,5.46
2025-02-14T08:00,5.46
2025-02-14T16:00,5.46
2025-02-15T00:00,5.46
2025-02-15T08:00,5.46
2025-02-15T16:00,-17.26
2025-02-16T00:00,-159.47
2025-02-16T08:00,-7.11
2025-02-16T16:00,5.46
2025-02-17T00:00,5.46
2025-02-17T08:00,5.46
2025-02-17T16:00,-21.51
2025-02-18T00:00,5.46
2025-02-18T08:00,5.46
2025-02-18T16:00,5.46
2025-02-19T00:00,5.47
2025-02-19T08:00,5.47
2025-02-19T16:00,-12.41
2025-02-20T00:00,5.23
2025-02-20T08:00,5.34
2025-02-20T16:00,5.47
2025-02-21T00:00,5.37
2025-02-21T08:00,5.36
2025-02-21T16:00,5.47
2025-02-22T00:00,1.61
2025-02-22T08:00,39.58
2025-02-22T16:00,13.16
2025-02-23T00:00,22.9
2025-02-23T08:00,5.47
2025-02-23T16:00,5.47
2025-02-24T00:00,5.47
2025-02-24T08:00,5.47
2025-02-24T16:00,5.47
2025-02-25T00:00,5.47
2025-02-25T08:00,5.18
2025-02-25T16:00,5.47
2025-02-26T00:00,5.47
2025-02-26T08:00,5.47
2025-02-26T16:00,5.04
2025-02-27T00:00,5.47
2025-02-27T08:00,-0.43
2025-02-27T16:00,5.47
2025-02-28T00:00,3.33
2025-02-28T08:00,5.47
2025-02-28T16:00,1.76
2025-03-01T00:00,5.47
2025-03-01T08:00,5.47
2025-03-01T16:00,5.47
2025-03-02T00:00,5.46
2025-03-02T08:00,5.26
2025-03-02T16:00,5.46
2025-03-03T00:00,5.46
2025-03-03T08:00,5.47
2025-03-03T16:00,5.47
2025-03-04T00:00,5.47
2025-03-04T08:00,5.47
2025-03-04T16:00,5.47
2025-03-05T00:00,5.47
2025-03-05T08:00,5.47
2025-03-05T16:00,5.47
2025-03-06T00:00,5.47
2025-03-06T08:00,5.47
2025-03-06T16:00,5.47
2025-03-07T00:00,5.47
2025-03-07T08:00,5.47
2025-03-07T16:00,5.47
2025-03-08T00:00,5.47
2025-03-08T08:00,5.47
2025-03-08T16:00,5.47
2025-03-09T00:00,5.47
2025-03-09T08:00,3.49
2025-03-09T16:00,4.72
2025-03-10T00:00,3.0
2025-03-10T08:00,2.29
2025-03-10T16:00,-2.29
2025-03-11T00:00,5.46
2025-03-11T08:00,-186.76
2025-03-11T16:00,5.46
2025-03-12T00:00,5.46
2025-03-12T08:00,5.45
2025-03-12T16:00,5.45
2025-03-13T00:00,5.45
2025-03-13T08:00,5.45
2025-03-13T16:00,5.45
2025-03-14T00:00,3.58
2025-03-14T08:00,5.46
2025-03-14T16:00,5.46
2025-03-15T00:00,5.46
2025-03-15T08:00,5.46
2025-03-15T16:00,4.87
2025-03-16T00:00,-2.39
2025-03-16T08:00,4.79
2025-03-16T16:00,5.47
2025-03-17T00:00,5.41
2025-03-17T08:00,5.41
2025-03-17T16:00,5.47
2025-03-18T00:00,70.12
2025-03-18T08:00,12.24
2025-03-18T16:00,5.47
2025-03-19T00:00,5.47
2025-03-19T08:00,5.47
2025-03-19T16:00,5.47
2025-03-20T00:00,5.47
2025-03-20T08:00,5.47
2025-03-20T16:00,5.8
2025-03-21T00:00,5.47
2025-03-21T08:00,5.47
2025-03-21T16:00,5.44
2025-03-22T00:00,-62.25
2025-03-22T08:00,-503.95
2025-03-22T16:00,-151.6
2025-03-23T00:00,5.47
2025-03-23T08:00,-102.24
2025-03-23T16:00,-2.57
2025-03-24T00:00,5.47
2025-03-24T08:00,5.46
2025-03-24T16:00,5.46
2025-03-25T00:00,-61.79
2025-03-25T08:00,5.48
2025-03-25T16:00,5.48
2025-03-26T00:00,5.48
2025-03-26T08:00,-1580.93
2025-03-26T16:00,-36.39
2025-03-27T00:00,9.79
2025-03-27T08:00,7.26
2025-03-27T16:00,8.14
2025-03-28T00:00,9.0
2025-03-28T08:00,3.69
2025-03-28T16:00,10.45
2025-03-29T00:00,8.73
2025-03-29T08:00,9.05
2025-03-29T16:00,6.32
2025-03-30T00:00,6.4
2025-03-30T08:00,8.37
2025-03-30T16:00,3.74
2025-03-31T00:00,8.6
2025-03-31T08:00,17.94
2025-03-31T16:00,10.21
2025-04-01T00:00,4.82
2025-04-01T08:00,8.83
2025-04-01T16:00,10.69
2025-04-02T00:00,21.76
2025-04-02T08:00,17.5
2025-04-02T16:00,4.37
2025-04-03T00:00,13.92
2025-04-03T08:00,16.0
2025-04-03T16:00,21.92
2025-04-04T00:00,18.34
2025-04-04T08:00,17.05
2025-04-04T16:00,70.74
2025-04-05T00:00,41.41
2025-04-05T08:00,6.55
2025-04-05T16:00,8.34
2025-04-06T00:00,6.4
2025-04-06T08:00,8.76
2025-04-06T16:00,8.55
2025-04-07T00:00,12.99
2025-04-07T08:00,11.44
2025-04-07T16:00,1.95
2025-04-08T00:00,5.64
2025-04-08T08:00,1.94
2025-04-08T16:00,3.41
2025-04-09T00:00,4.17
2025-04-09T08:00,6.91
2025-04-09T16:00,6.36
2025-04-10T00:00,5.16
2025-04-10T08:00,14.69
2025-04-10T16:00,11.51
2025-04-11T00:00,-2.29
2025-04-11T08:00,7.47
2025-04-11T16:00,33.29
2025-04-12T00:00,4.56
2025-04-12T08:00,2.2
2025-04-12T16:00,15.34
2025-04-13T00:00,14.75
2025-04-13T08:00,23.86
2025-04-13T16:00,46.73
2025-04-14T00:00,42.41
2025-04-14T08:00,1.65
2025-04-14T16:00,8.52
2025-04-15T00:00,1.01
2025-04-15T08:00,22.49
2025-04-15T16:00,11.13
2025-04-16T00:00,3.45
2025-04-16T08:00,38.91
2025-04-16T16:00,8.53
2025-04-17T00:00,15.81
2025-04-17T08:00,9.03
2025-04-17T16:00,49.92
2025-04-18T00:00,25.49
2025-04-18T08:00,52.51
2025-04-18T16:00,8.33
2025-04-19T00:00,4.8
2025-04-19T08:00,8.39
2025-04-19T16:00,5.34
2025-04-20T00:00,22.07
2025-04-20T08:00,9.88
2025-04-20T16:00,9.52
2025-04-21T00:00,10.84
2025-04-21T08:00,5.13
2025-04-21T16:00,6.93
2025-04-22T00:00,7.54
2025-04-22T08:00,30.08
2025-04-22T16:00,30.47
2025-04-23T00:00,20.79
2025-04-23T08:00,94.09
2025-04-23T16:00,152.49
2025-04-24T00:00,59.99
2025-04-24T08:00,37.87
2025-04-24T16:00,74.19
2025-04-25T00:00,87.59
2025-04-25T08:00,23.35
2025-04-25T16:00,29.6
2025-04-26T00:00,49.07
2025-04-26T08:00,51.59
2025-04-26T16:00,43.99
2025-04-27T00:00,44.08
2025-04-27T08:00,40.83
2025-04-27T16:00,60.39
2025-04-28T00:00,26.68
2025-04-28T08:00,33.9
2025-04-28T16:00,15.58
2025-04-29T00:00,37.47
2025-04-29T08:00,31.25
2025-04-29T16:00,55.25
2025-04-30T00:00,30.55
2025-04-30T08:00,10.7
2025-04-30T16:00,16.76
2025-05-01T00:00,6.09
2025-05-01T08:00,5.51
2025-05-01T16:00,14.23
2025-05-02T00:00,18.98
2025-05-02T08:00,15.83
2025-05-02T16:00,63.48
2025-05-03T00:00,50.95
2025-05-03T08:00,5.51
2025-05-03T16:00,26.65
2025-05-04T00:00,5.77
2025-05-04T08:00,5.69
2025-05-04T16:00,23.01
2025-05-05T00:00,36.9
2025-05-05T08:00,5.51
2025-05-05T16:00,12.45
2025-05-06T00:00,9.97
2025-05-06T08:00,6.85
2025-05-06T16:00,19.05
2025-05-07T00:00,9.98
2025-05-07T08:00,15.02
2025-05-07T16:00,29.64
2025-05-08T00:00,57.24
2025-05-08T08:00,31.66
2025-05-08T16:00,30.84
2025-05-09T00:00,40.72
2025-05-09T08:00,5.47
2025-05-09T16:00,21.1
2025-05-10T00:00,7.89
2025-05-10T08:00,5.49
2025-05-10T16:00,24.87
2025-05-11T00:00,20.91
2025-05-11T08:00,49.18
2025-05-11T16:00,18.15
2025-05-12T00:00,17.17
2025-05-12T08:00,5.48
2025-05-12T16:00,5.49
2025-05-13T00:00,6.1
2025-05-13T08:00,82.78
2025-05-13T16:00,29.33
2025-05-14T00:00,6.85
2025-05-14T08:00,5.12
2025-05-14T16:00,5.46
2025-05-15T00:00,5.45
2025-05-15T08:00,5.47
2025-05-15T16:00,5.48
2025-05-16T00:00,5.49
2025-05-16T08:00,5.48
2025-05-16T16:00,5.49
2025-05-17T00:00,5.49
2025-05-17T08:00,5.49
2025-05-17T16:00,5.5
2025-05-18T00:00,5.5
2025-05-18T08:00,5.49
2025-05-18T16:00,5.48
2025-05-19T00:00,5.45
2025-05-19T08:00,5.49
2025-05-19T16:00,5.46
2025-05-20T00:00,5.54
2025-05-20T08:00,5.48
2025-05-20T16:00,5.49
2025-05-21T00:00,5.48
2025-05-21T08:00,-15.92
2025-05-21T16:00,5.51
2025-05-22T00:00,5.56
2025-05-22T08:00,5.56
2025-05-22T16:00,5.55
2025-05-23T00:00,5.52
2025-05-23T08:00,5.52
2025-05-23T16:00,5.51
2025-05-24T00:00,5.53
2025-05-24T08:00,5.5
2025-05-24T16:00,5.53
2025-05-25T00:00,5.54
2025-05-25T08:00,5.51
2025-05-25T16:00,5.55
2025-05-26T00:00,10.92
2025-05-26T08:00,7.65
2025-05-26T16:00,10.26
2025-05-27T00:00,10.96
2025-05-27T08:00,10.21
2025-05-27T16:00,5.55
2025-05-28T00:00,5.56
2025-05-28T08:00,5.54
2025-05-28T16:00,13.09
2025-05-29T00:00,14.2
2025-05-29T08:00,9.21
2025-05-29T16:00,5.5
2025-05-30T00:00,5.5
2025-05-30T08:00,7.07
2025-05-30T16:00,5.49
2025-05-31T00:00,5.54
2025-05-31T08:00,5.49
2025-05-31T16:00,5.49
2025-06-01T00:00,5.52
2025-06-01T08:00,5.48
2025-06-01T16:00,6.05
2025-06-02T00:00,5.5
2025-06-02T08:00,5.49
2025-06-02T16:00,5.5
2025-06-03T00:00,8.94
2025-06-03T08:00,5.48
2025-06-03T16:00,6.33
2025-06-04T00:00,8.61
2025-06-04T08:00,12.34
2025-06-04T16:00,5.49
2025-06-05T00:00,9.17
2025-06-05T08:00,5.44
2025-06-05T16:00,5.43
2025-06-06T00:00,5.43
2025-06-06T08:00,5.45
2025-06-06T16:00,5.46
2025-06-07T00:00,7.12
2025-06-07T08:00,6.75
2025-06-07T16:00,9.76
2025-06-08T00:00,5.46
2025-06-08T08:00,5.47
2025-06-08T16:00,19.6
2025-06-09T00:00,5.46
2025-06-09T08:00,7.68
2025-06-09T16:00,12.92
2025-06-10T00:00,14.06
2025-06-10T08:00,5.47
2025-06-10T16:00,6.01
2025-06-11T00:00,5.49
2025-06-11T08:00,5.71
2025-06-11T16:00,7.03
2025-06-12T00:00,5.47
2025-06-12T08:00,5.49
2025-06-12T16:00,5.46
2025-06-13T00:00,5.7
2025-06-13T08:00,5.48
2025-06-13T16:00,23.18
2025-06-14T00:00,11.09
2025-06-14T08:00,15.07
2025-06-14T16:00,17.4
2025-06-15T00:00,22.13
2025-06-15T08:00,6.75
2025-06-15T16:00,27.93
2025-06-16T00:00,9.53
2025-06-16T08:00,5.58
2025-06-16T16:00,5.07
2025-06-17T00:00,9.48
2025-06-17T08:00,5.53
2025-06-17T16:00,12.34
2025-06-18T00:00,6.15
2025-06-18T08:00,5.51
2025-06-18T16:00,6.65
2025-06-19T00:00,13.83
2025-06-19T08:00,8.24
2025-06-19T16:00,5.51
2025-06-20T00:00,7.51
2025-06-20T08:00,5.49
2025-06-20T16:00,5.64
2025-06-21T00:00,5.5
2025-06-21T08:00,5.5
2025-06-21T16:00,5.5
2025-06-22T00:00,5.51
2025-06-22T08:00,12.84
2025-06-22T16:00,5.9
2025-06-23T00:00,5.51
2025-06-23T08:00,5.5
2025-06-23T16:00,5.53
2025-06-24T00:00,9.66
2025-06-24T08:00,5.54
2025-06-24T16:00,5.54
2025-06-25T00:00,5.49
2025-06-25T08:00,5.71
2025-06-25T16:00,5.75
2025-06-26T00:00,9.04
2025-06-26T08:00,9.56
2025-06-26T16:00,8.83
2025-06-27T00:00,8.57
2025-06-27T08:00,8.33
2025-06-27T16:00,8.35
2025-06-28T00:00,9.79
2025-06-28T08:00,9.22
2025-06-28T16:00,9.97
2025-06-29T00:00,9.41
2025-06-29T08:00,10.0
2025-06-29T16:00,18.88
2025-06-30T00:00,11.95
2025-06-30T08:00,9.02
2025-06-30T16:00,9.67
2025-07-01T00:00,8.88
2025-07-01T08:00,6.05
2025-07-01T16:00,-14.49
2025-07-02T00:00,7.83
2025-07-02T08:00,8.07
2025-07-02T16:00,5.06
2025-07-03T00:00,10.34
2025-07-03T08:00,7.47
2025-07-03T16:00,5.88
2025-07-04T00:00,8.14
2025-07-04T08:00,5.11
2025-07-04T16:00,10.3
2025-07-05T00:00,9.18
2025-07-05T08:00,10.24
2025-07-05T16:00,9.0
2025-07-06T00:00,14.69
2025-07-06T08:00,13.15
2025-07-06T16:00,14.07
2025-07-07T00:00,10.79
2025-07-07T08:00,8.17
2025-07-07T16:00,8.79
2025-07-08T00:00,4.36
2025-07-08T08:00,14.18
2025-07-08T16:00,15.86
2025-07-09T00:00,12.19
2025-07-09T08:00,17.39
2025-07-09T16:00,33.63
2025-07-10T00:00,38.96
2025-07-10T08:00,18.93
2025-07-10T16:00,14.95
2025-07-11T00:00,24.36
2025-07-11T08:00,28.12
2025-07-11T16:00,15.98
2025-07-12T00:00,14.1
2025-07-12T08:00,14.14
2025-07-12T16:00,12.33
2025-07-13T00:00,14.49
2025-07-13T08:00,19.18
2025-07-13T16:00,14.88
2025-07-14T00:00,15.32
2025-07-14T08:00,29.97
2025-07-14T16:00,23.59
2025-07-15T00:00,23.24
2025-07-15T08:00,39.15
2025-07-15T16:00,26.66
2025-07-16T00:00,24.2
2025-07-16T08:00,13.78
2025-07-16T16:00,31.67
2025-07-17T00:00,25.32
2025-07-17T08:00,19.27
2025-07-17T16:00,16.12
2025-07-18T00:00,60.19
2025-07-18T08:00,29.56
2025-07-18T16:00,17.86
2025-07-19T00:00,15.46
2025-07-19T08:00,14.25
2025-07-19T16:00,13.27
2025-07-20T00:00,11.51
2025-07-20T08:00,13.02
2025-07-20T16:00,22.42
2025-07-21T00:00,12.08
2025-07-21T08:00,63.5
2025-07-21T16:00,15.06
2025-07-22T00:00,21.29
2025-07-22T08:00,19.98
2025-07-22T16:00,34.83
2025-07-23T00:00,25.61
2025-07-23T08:00,20.45
2025-07-23T16:00,12.43
2025-07-24T00:00,13.53
2025-07-24T08:00,5.59
2025-07-24T16:00,11.04
2025-07-25T00:00,16.26
2025-07-25T08:00,8.78
2025-07-25T16:00,18.43
2025-07-26T00:00,14.96
2025-07-26T08:00,30.8
2025-07-26T16:00,11.24
2025-07-27T00:00,14.91
2025-07-27T08:00,10.38
2025-07-27T16:00,3.82
2025-07-28T00:00,5.68
2025-07-28T08:00,12.8
2025-07-28T16:00,5.37
2025-07-29T00:00,4.73
2025-07-29T08:00,8.83
2025-07-29T16:00,8.56
2025-07-30T00:00,8.15
2025-07-30T08:00,10.98
2025-07-30T16:00,10.2
2025-07-31T00:00,24.67
2025-07-31T08:00,8.27
2025-07-31T16:00,8.29
2025-08-01T00:00,8.67
2025-08-01T08:00,4.4
2025-08-01T16:00,2.41
2025-08-02T00:00,3.23
2025-08-02T08:00,6.37
2025-08-02T16:00,5.14
2025-08-03T00:00,-0.03
2025-08-03T08:00,5.41
2025-08-03T16:00,5.42
2025-08-04T00:00,0.57
2025-08-04T08:00,6.78
2025-08-04T16:00,1.08
2025-08-05T00:00,10.65
2025-08-05T08:00,11.71
2025-08-05T16:00,10.16
2025-08-06T00:00,26.22
2025-08-06T08:00,9.57
2025-08-06T16:00,19.55
2025-08-07T00:00,9.27
2025-08-07T08:00,18.81
2025-08-07T16:00,10.2
2025-08-08T00:00,14.94
2025-08-08T08:00,30.43
2025-08-08T16:00,9.54
2025-08-09T00:00,4.39
2025-08-09T08:00,9.72
2025-08-09T16:00,7.75
2025-08-10T00:00,14.56
2025-08-10T08:00,10.62
2025-08-10T16:00,27.0
2025-08-11T00:00,13.5
2025-08-11T08:00,30.03
2025-08-11T16:00,9.5
2025-08-12T00:00,10.38
2025-08-12T08:00,20.12
2025-08-12T16:00,9.63
2025-08-13T00:00,32.9
2025-08-13T08:00,13.11
2025-08-13T16:00,24.81
2025-08-14T00:00,21.47
2025-08-14T08:00,4.85
2025-08-14T16:00,5.25
2025-08-15T00:00,-0.77
2025-08-15T08:00,6.84
2025-08-15T16:00,6.47
2025-08-16T00:00,1.56
2025-08-16T08:00,4.4
2025-08-16T16:00,-1.17
2025-08-17T00:00,1.3
2025-08-17T08:00,5.17
2025-08-17T16:00,6.84
2025-08-18T00:00,8.26
2025-08-18T08:00,7.14
2025-08-18T16:00,2.26
2025-08-19T00:00,0.38
2025-08-19T08:00,11.23
2025-08-19T16:00,11.32
2025-08-20T00:00,10.65
2025-08-20T08:00,31.69
2025-08-20T16:00,12.02
2025-08-21T00:00,14.52
2025-08-21T08:00,11.29
2025-08-21T16:00,10.66
2025-08-22T00:00,13.18
2025-08-22T08:00,28.5
2025-08-22T16:00,64.71
2025-08-23T00:00,24.38
2025-08-23T08:00,34.6
2025-08-23T16:00,11.92
2025-08-24T00:00,10.88
2025-08-24T08:00,10.41
2025-08-24T16:00,15.19
2025-08-25T00:00,8.82
2025-08-25T08:00,3.21
2025-08-25T16:00,5.94
2025-08-26T00:00,0.3
2025-08-26T08:00,-1.88
2025-08-26T16:00,0.1
2025-08-27T00:00,9.23
2025-08-27T08:00,3.44
2025-08-27T16:00,2.55
2025-08-28T00:00,5.26
2025-08-28T08:00,8.23
2025-08-28T16:00,13.34
2025-08-29T00:00,7.61
2025-08-29T08:00,14.86
2025-08-29T16:00,5.66
2025-08-30T00:00,44.39
2025-08-30T08:00,17.08
2025-08-30T16:00,29.92
2025-08-31T00:00,33.91
2025-08-31T08:00,48.11
2025-08-31T16:00,14.9
2025-09-01T00:00,50.76
2025-09-01T08:00,110.67
2025-09-01T16:00,73.8
2025-09-02T00:00,34.04
2025-09-02T08:00,50.64
2025-09-02T16:00,53.36
2025-09-03T00:00,32.59
2025-09-03T08:00,29.11
2025-09-03T16:00,86.08
2025-09-04T00:00,40.51
2025-09-04T08:00,28.28
2025-09-04T16:00,14.46
2025-09-05T00:00,38.97
2025-09-05T08:00,26.77
2025-09-05T16:00,30.44
2025-09-06T00:00,23.17
2025-09-06T08:00,21.65
2025-09-06T16:00,41.16
2025-09-07T00:00,19.83
2025-09-07T08:00,35.36
2025-09-07T16:00,35.05
2025-09-08T00:00,8.95
2025-09-08T08:00,32.51
2025-09-08T16:00,63.23
2025-09-09T00:00,48.89
2025-09-09T08:00,180.39
2025-09-09T16:00,31.42
2025-09-10T00:00,23.94
2025-09-10T08:00,31.08
2025-09-10T16:00,12.55
2025-09-11T00:00,53.35
2025-09-11T08:00,15.49
2025-09-11T16:00,55.1
2025-09-12T00:00,28.07
2025-09-12T08:00,76.91
2025-09-12T16:00,41.13
2025-09-13T00:00,15.81
2025-09-13T08:00,40.44
2025-09-13T16:00,33.88
2025-09-14T00:00,74.74
2025-09-14T08:00,39.45
2025-09-14T16:00,14.54
2025-09-15T00:00,40.32
2025-09-15T08:00,10.34
2025-09-15T16:00,15.22
2025-09-16T00:00,20.47
2025-09-16T08:00,14.47
2025-09-16T16:00,10.8
2025-09-17T00:00,5.16
2025-09-17T08:00,10.13
2025-09-17T16:00,7.11
2025-09-18T00:00,17.62
2025-09-18T08:00,19.56
2025-09-18T16:00,29.64
2025-09-19T00:00,35.79
2025-09-19T08:00,16.77
2025-09-19T16:00,20.63
2025-09-20T00:00,41.49
2025-09-20T08:00,43.96
2025-09-20T16:00,43.6
2025-09-21T00:00,52.88
2025-09-21T08:00,62.98
2025-09-21T16:00,90.98
2025-09-22T00:00,50.77
2025-09-22T08:00,27.03
2025-09-22T16:00,56.51
2025-09-23T00:00,75.75
2025-09-23T08:00,63.3
2025-09-23T16:00,57.8
2025-09-24T00:00,51.73
2025-09-24T08:00,25.27
2025-09-24T16:00,47.29
2025-09-25T00:00,39.79
2025-09-25T08:00,39.65
2025-09-25T16:00,52.6
2025-09-26T00:00,15.28
2025-09-26T08:00,27.86
2025-09-26T16:00,19.78
2025-09-27T00:00,43.18
2025-09-27T08:00,44.4
2025-09-27T16:00,51.17
2025-09-28T00:00,16.02
2025-09-28T08:00,10.03
2025-09-28T16:00,9.12
2025-09-29T00:00,16.52
2025-09-29T08:00,7.0
2025-09-29T16:00,9.93
2025-09-30T00:00,28.89
2025-09-30T08:00,26.93
2025-09-30T16:00,45.54
2025-10-01T00:00,15.21
2025-10-01T08:00,23.72
2025-10-01T16:00,47.89
2025-10-02T00:00,27.31
2025-10-02T08:00,30.09
2025-10-02T16:00,60.9
2025-10-03T00:00,71.45
2025-10-03T08:00,83.4
2025-10-03T16:00,273.78
2025-10-04T00:00,126.94
2025-10-04T08:00,60.28
2025-10-04T16:00,58.93
2025-10-05T00:00,47.91
2025-10-05T08:00,51.3
2025-10-05T16:00,37.88
2025-10-06T00:00,36.63
2025-10-06T08:00,39.88
2025-10-06T16:00,50.44
2025-10-07T00:00,41.87
2025-10-07T08:00,32.65
2025-10-07T16:00,50.56
2025-10-08T00:00,41.7
2025-10-08T08:00,66.37
2025-10-08T16:00,61.73
2025-10-09T00:00,29.52
2025-10-09T08:00,22.23
2025-10-09T16:00,44.02
2025-10-10T00:00,44.98
2025-10-10T08:00,26.54
2025-10-10T16:00,483.94
2025-10-11T00:00,61.37
2025-10-11T08:00,44.11
2025-10-11T16:00,60.63
2025-10-12T00:00,31.4
2025-10-12T08:00,51.47
2025-10-12T16:00,76.38
2025-10-13T00:00,67.39
2025-10-13T08:00,27.58
2025-10-13T16:00,37.32
2025-10-14T00:00,50.22
2025-10-14T08:00,46.74
2025-10-14T16:00,27.55
2025-10-15T00:00,48.31
2025-10-15T08:00,39.45
2025-10-15T16:00,56.85
2025-10-16T00:00,50.14
2025-10-16T08:00,34.63
2025-10-16T16:00,52.29
2025-10-17T00:00,40.56
2025-10-17T08:00,32.91
2025-10-17T16:00,42.02
2025-10-18T00:00,26.19
2025-10-18T08:00,24.88
2025-10-18T16:00,39.81
2025-10-19T00:00,49.26
2025-10-19T08:00,36.47
2025-10-19T16:00,36.72
2025-10-20T00:00,30.11
2025-10-20T08:00,37.34
2025-10-20T16:00,40.04
2025-10-21T00:00,31.19
2025-10-21T08:00,37.31
2025-10-21T16:00,49.14
2025-10-22T00:00,33.16
2025-10-22T08:00,59.3
2025-10-22T16:00,68.75
2025-10-23T00:00,57.19
2025-10-23T08:00,48.24
2025-10-23T16:00,101.17
2025-10-24T00:00,89.42
2025-10-24T08:00,42.97
2025-10-24T16:00,65.06
2025-10-25T00:00,46.84
2025-10-25T08:00,66.18
2025-10-25T16:00,61.84
2025-10-26T00:00,45.83
2025-10-26T08:00,76.5
2025-10-26T16:00,66.66
2025-10-27T00:00,61.84
2025-10-27T08:00,89.41
2025-10-27T16:00,65.6
2025-10-28T00:00,19.69
2025-10-28T08:00,34.21
2025-10-28T16:00,15.74
2025-10-29T00:00,35.53
2025-10-29T08:00,36.43
2025-10-29T16:00,78.36
2025-10-30T00:00,109.14
2025-10-30T08:00,140.32
2025-10-30T16:00,119.66
2025-10-31T00:00,30.86
2025-10-31T08:00,11.46
2025-10-31T16:00,15.0
2025-11-01T00:00,10.11
2025-11-01T08:00,5.38
2025-11-01T16:00,4.24
2025-11-02T00:00,7.48
2025-11-02T08:00,6.39
2025-11-02T16:00,2.41
2025-11-03T00:00,2.43
2025-11-03T08:00,24.42
2025-11-03T16:00,20.9
